Real,Predicho
90.0,120.95426693777566
48.67,90.93601727334504
95.2,81.85755329130922
127.67,110.90598101682471
201.5,170.0269055044425
109.0,104.29437347766888
107.1,99.18286904265602
85.0,70.49602640473914
129.99,168.7759483441527
82.79,83.42265191011393
53.67,58.32398808803582
152.1,133.73665095712454
80.0,77.75135723668654
99.45,92.41297826890572
111.83,112.61799240089708
168.3,155.13617394594354
197.0,187.6903467586311
100.87,118.34718014112558
126.0,111.29465716313625
0.0,58.29703404634089
114.73,105.17896059876819
157.9,148.5347859642126
72.0,87.14475674742786
158.4,147.79151796893393
69.7,86.39063305652704
132.3,118.85076349140775
120.0,117.70773058424048
66.6,71.38240508599173
65.0,61.39674147514982
65.0,63.88381459333893
106.0,95.10187860497703
100.0,99.58808286025257
120.0,110.74968114875982
101.58,92.0983051736604
120.0,119.3881009007107
85.5,101.34770527587833
65.0,104.98687034157365
80.0,90.38772185086619
99.0,104.82599349068865
65.0,78.70672419817744
119.85,120.12555155852121
121.5,141.02415198013338
82.45,68.92857678074515
105.83,103.68690119164907
110.5,110.76531795209428
152.1,170.19822407901685
93.9,88.71344714889813
150.4,131.80875707517967
120.0,115.78841022580676
79.2,94.05643004092383
156.0,137.04444290330795
116.1,125.1203540150612
100.0,100.15122973802818
122.0,116.55124124324585
159.0,152.82851672099966
86.4,82.24726914764494
177.0,133.62554344251723
104.0,95.54144581274387
141.0,128.37893624151062
88.0,82.34229117502947
74.8,84.06066455109485
93.6,88.9039246321293
90.3,84.70680532660704
126.9,120.4915468196717
65.0,75.04453241270686
82.0,81.0205462381396
93.0,84.5683730093784
134.0,140.60517179465995
65.0,54.10402098984576
133.0,114.41511343506674
107.95,94.42551189596546
85.5,101.96131045016989
126.0,110.76702025789808
101.5,104.34467192650543
65.0,67.37058381119365
138.0,101.90578136412809
107.0,94.41729062386877
116.2,141.37981895599742
95.36,86.94747585779936
94.5,107.91840270942492
109.0,115.4375406216184
98.82,86.85835198329761
62.8,70.99594113046871
149.4,148.4314869075869
94.5,91.90628301421255
86.4,81.71704496107988
115.0,120.06677200448051
88.0,70.44787650417773
60.0,32.17495217855256
109.0,108.91392448901257
100.0,99.58808286025257
70.0,72.84074541161282
72.25,98.01852967220837
75.0,94.41729062386877
68.61,106.00355720104349
88.76,92.89826605059903
209.0,175.72874086500474
126.9,119.45109051318887
115.0,114.8945899858475
106.77,105.3929803549155
140.4,122.21882429949105
130.0,129.57325017703974
93.6,99.94087377151274
58.0,72.10004814160985
66.0,57.21967776751274
134.1,139.01589106928014
108.3,109.42874761824883
85.0,122.7541194205599
100.0,98.55844519035311
221.0,250.6230141295765
93.15,98.76905532414925
105.0,99.21447281251211
94.5,93.03674194780746
97.0,76.54400773920474
99.0,103.23658625437407
114.3,107.11018581383794
79.33,107.89181140793849
101.5,104.38777194358128
80.75,110.37457175426391
132.6,107.0100294041287
90.0,93.00887804196236
88.0,79.43515362613607
162.0,162.20371892467944
121.0,115.59195918361597
120.0,115.9091663970303
68.0,82.99038170877085
110.75,92.94819371860075
95.0,94.42224136941262
100.0,99.35207807770583
86.0,30.055339428821142
135.0,142.53791588238204
120.0,118.53200456170987
87.0,85.50848859606248
66.0,79.09803612812746
150.3,143.86904792878664
89.0,89.22611991115124
108.38,102.21994249791446
137.7,103.25261610844713
122.19,83.73372706255974
101.0,84.29511916364936
115.0,114.45028726238519
64.0,64.5428338582775
90.0,127.23137077584593
93.7,177.75245964789443
87.27,81.55484111523606
59.09,71.67890989239257
108.0,105.43930036363543
95.0,73.38861717050327
149.4,141.87141742858432
89.25,89.16125104889367
140.0,130.2139686329257
85.5,91.62750767468403
100.0,101.98030240784277
129.59,153.88725471104604
94.5,90.26329499717644
110.0,107.409770411609
128.0,116.87185315396141
87.04,106.21056356571559
75.0,80.84769114674198
137.7,144.50288434584678
90.0,109.56315513320772
93.45,79.6889560248129
98.1,107.60347793131096
90.0,95.53884112407971
92.86,97.59614771820785
137.0,111.04464944690604
101.0,98.94092065224885
120.0,118.53200456170987
166.0,138.5252852802631
94.5,91.90628301421255
98.1,106.66526148106351
95.0,95.28973561157957
84.82,87.76276717716019
94.5,85.88691896393374
99.0,111.69068622030898
97.2,76.44719537265742
86.5,120.5583012555936
120.0,115.78841022580676
88.5,93.24593258589945
123.3,119.49162031163345
65.0,65.47070388592275
85.85,79.99895695150954
126.0,139.86587248853724
54.75,96.75122622697623
110.0,108.86204299032819
80.75,89.0467724089126
117.1,110.53707822712735
71.1,88.4538132096695
115.6,107.30106212826352
168.0,135.5133104540701
99.0,81.08566483114305
139.0,132.67564940455193
101.72,91.52961257055156
86.92,140.32634360319338
180.0,153.0323391162299
95.0,98.81495013559258
73.95,74.05592424351289
89.0,96.11866290868014
122.4,134.63446321955166
96.3,98.92521809409068
103.7,89.27115384719403
105.0,124.70923202442279
79.2,77.09580571400791
70.0,116.23429828778765
81.0,73.17027836658889
98.0,94.10980244988106
114.0,108.61831462227913
111.0,118.03514224795701
158.22,129.40198210387413
103.5,105.31725315823005
126.0,120.97751579222663
85.0,83.27918774976492
75.0,87.00289653783031
123.3,110.79400522027925
88.83,89.92031614477507
96.3,64.15627609888853
118.58,135.72783825738546
61.0,61.28757888157563
89.0,125.06878118178325
77.0,76.65897515754273
70.0,76.69117837778282
63.36,84.81774893745703
103.5,110.48970688166742
76.05,126.08037482272012
125.8,112.0272057438504
108.0,84.93307324799589
157.0,161.53595779590137
76.5,82.98408975739062
100.0,95.22862532109069
120.0,131.46535147454992
81.0,44.37071741839092
103.5,106.52459447401158
97.0,79.66952329923417
67.81,96.32990957057521
108.0,96.70573396601519
99.0,96.92336365412714
78.2,67.23654257466617
108.45,94.57940532842358
137.7,132.59066687166816
107.1,118.80740184263152
125.0,109.91721161178562
122.0,111.37789460138603
95.37,113.10192456664315
208.0,155.5028423199596
0.0,102.19022431006363
70.5,70.1235192933313
139.5,134.66748566976563
89.25,94.16330461574404
130.15,127.7980739635789
106.0,110.61748539322991
72.25,89.24040652597928
101.0,86.0408134267108
93.6,90.54036585317515
95.0,97.73415781422528
126.9,113.12022498907785
116.33,107.10111335512677
95.0,95.51094881442488
93.6,79.01310550197202
104.0,68.91995059119412
135.9,139.2552871371419
62.8,70.99594113046871
85.0,93.88657723507899
89.25,89.63369681731051
95.0,96.5212807262695
101.0,98.87731511928902
120.38,116.18165939671037
99.45,96.5010794395119
72.75,75.22524147299785
85.5,101.96131045016989
96.3,85.12678011541553
84.0,91.86470914928292
84.0,85.52290844423798
100.0,85.26343720711102
105.0,104.81278849404495
72.25,92.81507086244831
120.0,116.65578120389338
140.0,118.131294855003
66.0,72.87600622111079
96.0,95.21207397862142
106.0,112.28582840438916
139.0,109.31926172476965
121.33,105.26805241804935
105.0,108.39660235263185
97.02,98.19773126260377
73.07,102.24058918007267
120.0,119.3881009007107
105.25,106.07877254435732
105.0,112.78604047110484
168.3,163.72908107873644
110.0,119.29865865982386
55.6,77.89110321245596
92.0,95.70899806508415
100.0,89.03451414489813
130.0,128.29092619617526
140.4,111.39124535288596
90.0,90.3363090948026
59.5,113.37635362656243
115.0,114.96691993421933
89.3,73.36853045191259
51.6,96.37741434447638
0.0,116.19755164447122
100.0,95.22862532109069
153.0,151.4560785470047
89.0,83.97663087187384
206.0,226.09405011024683
198.9,210.53182433622607
67.5,74.30237248255133
79.5,87.20905753016095
65.0,88.7049743974491
129.54,115.94364609527553
75.9,85.87674584305306
126.9,116.78610226917644
110.0,107.06845158373415
114.48,145.03868369028157
74.8,79.10647171511896
80.3,79.39569078739858
70.0,70.08254732870557
0.0,143.23561337769542
196.0,178.1315619215768
0.0,26.269623174326043
131.4,111.35646784553424
121.8,98.6740413227298
127.0,106.89901670466486
119.0,123.7500816664834
110.0,112.40004011176869
100.0,98.55844519035311
99.95,82.56604219998987
110.0,107.409770411609
95.0,95.28973561157957
177.3,179.46427064032204
98.1,149.2929822696249
130.0,129.57325017703974
130.0,128.26773488259272
90.0,98.85172025346552
58.0,73.5471078268228
119.25,120.33587465140366
84.7,86.92391917504195
110.7,111.70586191856476
140.0,130.2139686329257
117.9,94.3495636619453
72.0,107.16333532408335
73.92,103.3890737515466
129.0,119.27535582618964
65.0,90.04966915951243
89.0,88.96893205347992
76.5,110.94486880443864
65.0,93.88462281245305
77.0,17.589903975207946
96.3,75.00551236419162
75.0,75.69048451137661
130.0,139.37556995712703
93.6,86.79054138110193
109.0,98.49371461280525
80.7,103.80414267011335
75.51,86.67436668507324
94.5,92.65528973530043
168.3,148.19632127965653
112.5,102.31079930662546
130.0,128.26773488259272
205.0,142.5333022226878
65.0,93.05787298617953
101.15,104.45630918318314
95.67,91.4212747467063
126.9,103.7902045142227
113.4,102.53275704156938
162.9,151.29276761166767
127.2,132.8828956669161
100.75,104.28810992303028
122.0,87.44835383215974
73.03,95.97945772977774
80.0,79.97683217012663
116.8,96.32312601341566
128.7,126.56228281352955
139.5,134.66748566976563
179.25,112.94935144911715
107.25,115.24497936167977
86.7,73.93329026169906
65.0,56.605515086892105
99.45,113.34759392148833
106.21,119.16836209962436
90.0,92.31810788455995
100.0,132.63094580647106
75.0,73.70499449053806
124.04,124.18355593139073
65.0,55.209736059439464
166.0,132.33111936741335
123.3,115.61281093266837
109.68,97.98642076392807
125.1,134.15416805768254
65.0,110.57377190563469
82.45,111.1100552052523
125.0,114.14794492521705
110.71,102.09205568161242
168.3,151.74558522731004
19.15,82.29217597699548
176.34,158.38643206979052
198.9,211.2653164698084
142.56,125.33910845744892
78.0,81.5997286145356
91.93,98.15785107159466
137.0,122.51921892104419
71.1,74.52697839564804
99.0,121.15644782826553
159.3,143.5783951535915
143.0,152.2106816407099
121.6,120.16996794059362
99.45,84.79820959862987
66.22,80.80652590692432
58.5,74.64779402229965
149.4,122.91847807866174
130.0,122.55234760150692
116.1,113.22098292916984
94.5,105.59185925580701
159.3,158.94894640135655
196.0,211.63759689662768
87.78,87.15399937504178
110.0,108.54972343501665
93.6,77.61394343770166
130.0,129.17387660883767
94.5,99.03371016042024
62.5,76.52930043189224
99.2,86.94464778205146
96.3,97.38652957340652
138.55,130.21197100315692
105.0,103.70092280073138
71.1,78.27813517964807
72.25,111.76733689710517
69.6,69.33489593156574
75.0,94.41729062386877
160.0,139.21845224979995
81.0,75.57120662079303
115.0,114.96691993421933
194.58,127.32062302810927
79.2,94.87336837794523
174.0,177.0108789482478
86.0,75.22524147299785
116.0,88.86424633418673
84.0,99.73170871832187
65.0,63.7985186094534
73.0,72.9534252266467
79.64,85.67566406839957
75.0,76.10670252202631
58.9,71.40498281807095
61.0,61.28757888157563
71.0,75.36951318798525
120.0,90.96078645451409
109.0,104.34467192650543
125.1,110.23431925128938
106.2,102.92167673967704
99.68,138.414526761171
79.0,85.27680952084651
71.1,84.3660054403308
100.0,99.82252358249755
87.0,85.50848859606248
80.0,73.17563285704134
100.0,97.57307715169969
98.1,116.1075060702233
157.0,144.36587757881364
139.0,137.2478818582415
184.0,135.52319739104405
65.0,55.81188852952895
119.85,117.4363615147629
105.3,105.79488313486225
91.63,83.86653155496727
79.0,85.78188897389987
90.95,89.50006978634244
82.9,70.33281478366254
140.0,115.9091663970303
110.11,125.02679877790028
67.42,93.23527064220274
67.76,98.77024485711105
73.95,70.39469809733723
141.9,141.59808182444561
87.0,90.00334554683978
131.6,113.8807118215264
95.0,107.67797479188528
85.6,77.90448228423472
97.92,106.08381546822753
133.75,129.64783709868263
117.9,110.55092328870347
71.84,84.45107463569138
95.48,109.11188444384905
119.85,98.30391921018943
88.0,90.19465781303916
135.9,106.03733281565911
107.1,117.23880427919377
136.89,158.5058219333941
95.0,106.02575035749379
95.0,95.51094881442488
79.2,104.6233812280557
117.33,61.772499700722605
117.9,112.70109118683416
40.0,60.782235459268236
115.04,129.56026895553535
90.0,90.99078354436546
116.3,88.76669642927631
80.0,95.76341233069152
115.0,114.16344308764174
65.75,71.55339785158273
61.0,61.28757888157563
104.0,116.28555385713628
100.3,107.88985994063628
64.64,73.70277050238063
78.0,66.56918649170598
139.0,128.85776688382055
163.67,141.0185885888818
71.28,76.78819776205754
102.0,101.60353203008653
80.75,95.84552955875094
120.12,126.8124480640821
81.62,96.88249864401082
123.5,98.73820382544507
70.07,84.82581772929747
90.0,90.7960932999469
76.67,75.40119460510408
90.95,95.30565806340488
80.75,97.65200188435652
125.1,106.54263300614943
90.0,94.92725915427577
207.9,201.6105730614473
80.75,95.35841629068216
106.5,117.20021583917183
76.0,74.87711130900252
60.0,56.145604906231235
90.9,89.39199961605718
117.04,106.45119659086926
120.0,116.65578120389338
115.0,114.16344308764174
78.63,81.48610918081026
90.95,85.27914275434043
79.0,81.59762602362818
135.9,131.36536539598526
70.0,79.97427343915538
140.0,130.2139686329257
110.6,82.08778623691364
115.0,114.92233423806834
93.78,94.93942504331385
88.5,93.24593258589945
84.3,80.12809466175717
97.75,103.22476529736358
94.91,116.7218002152936
117.3,102.07529937493756
81.62,96.88249864401082
75.08,95.38900702388439
126.0,77.12820440997376
108.3,109.59640320121699
91.13,74.05748003983204
94.5,98.91324004622808
75.0,94.41729062386877
156.6,160.45052256507574
95.0,115.01067110011817
65.0,63.39225543203557
146.7,134.57287688690468
70.0,76.57105200432785
144.5,98.14440837744412
121.55,130.62487706263104
126.9,114.06805598940473
119.16,120.07887221747097
85.5,91.84260209289012
117.9,106.9134494765606
66.0,86.01558459723586
116.67,116.37298711154419
72.09,87.53070631310216
84.31,79.28662315348207
104.0,102.46910885814718
70.0,67.90876541774405
112.8,114.40761259166626
81.0,98.00372254324157
58.0,59.76166693071178
105.0,100.88085394251709
108.0,83.92042278610576
63.0,62.84744249060846
135.9,132.82110032305988
107.95,108.14546574097366
88.0,64.95956499493121
61.5,63.67864763137698
63.75,62.04478083229782
55.32,72.59002422188631
79.0,75.61326374439683
75.0,75.9203434860642
90.95,118.06887200141959
60.0,66.13136291939875
85.0,86.71151113543874
92.98,124.90437869329342
113.4,103.82489427010636
147.73,104.53131711164497
80.75,68.0800560220316
88.4,88.86541667736215
74.61,100.98273080005777
138.0,128.2605249789806
76.5,74.42935745608249
143.1,121.63996173281691
85.0,74.88037219266658
132.45,124.56543173353855
110.0,110.29204902629637
135.9,110.25760769040126
126.0,119.46790858628724
109.8,111.30163815055805
78.3,74.92606805585527
60.0,60.62793422387568
151.2,139.82710531535494
94.5,104.81751704181555
135.9,118.43526546987502
139.5,98.11947859938337
91.0,93.36724963831195
115.0,114.8945899858475
90.0,88.38236212070218
107.1,117.3785388276336
90.95,67.57759178539655
72.25,90.34537638134016
146.92,146.65262411541374
74.8,75.89699721028278
89.4,120.18584129329126
120.0,119.71068559579955
60.0,65.26312527575776
123.11,113.10579410468448
65.52,84.13301418971066
131.0,126.11716289781587
91.5,96.32699708435194
124.25,121.46267344259799
65.0,73.1231729646237
135.9,124.02597016638852
157.0,148.30841618991212
122.4,122.23624044328507
60.75,80.99797757174397
95.0,114.4556325303667
0.0,6.3344651425315135
80.3,66.64595990268552
132.3,127.69185567676746
228.6,190.42184409818316
85.5,93.53888801843532
70.0,112.87803491074622
75.0,82.54614199590993
95.4,103.70860819145356
80.0,90.38772185086619
149.0,111.14183473068871
130.0,113.21719250178685
137.7,130.34571438506845
116.0,86.57371261489787
95.7,79.51974107205648
67.0,65.95065229674616
197.0,132.46030511780114
65.0,74.41230995397433
108.9,111.00453163075608
81.0,66.06312089191202
109.0,82.4954196158869
166.0,126.38865453888162
159.3,152.13408761020415
98.7,98.50467998338692
81.0,90.8060523926527
65.45,69.92512786856537
146.0,119.67716073498916
120.0,119.3881009007107
244.8,172.1547066482359
76.67,77.65742735990045
135.0,143.3497999283453
85.0,100.38820554505163
139.5,116.23756706726911
65.0,69.49888293550518
85.5,97.10881377359377
58.0,74.71394266914466
120.0,119.94227494973028
90.47,146.70601618007473
94.5,96.59555792891041
120.0,119.71068559579955
84.0,54.92831750333061
116.1,107.29079534178851
87.0,83.8451128143912
100.5,110.21077925873082
96.3,92.95760617844641
54.02,66.75578992351154
80.1,87.41590076246463
120.15,113.01197009465724
95.0,122.50356198785276
105.0,104.81278849404495
142.2,129.75719942704788
225.0,238.5124132507149
100.0,92.72111288914469
116.1,113.51357920171631
185.0,137.73221481614308
101.78,72.65639802576582
223.75,216.48196059012673
80.3,81.84627659051746
127.8,130.91010066566827
149.4,128.2650495985871
99.9,90.4120951822742
109.0,95.66528386272222
103.28,104.52428433431882
79.0,80.36228288059064
0.0,-4.751405501699878
224.67,219.5630243059963
82.88,73.5497473270148
81.5,100.17079091706508
103.5,120.35617570796148
94.78,141.4072506948135
90.0,90.08737818636942
119.0,119.3514788535064
115.0,114.45028726238519
88.83,82.81540559798319
116.64,119.75302252717981
61.75,75.67857470068944
183.6,107.79892062388032
78.0,82.64501640918385
85.05,88.75886810755684
94.5,97.59270745141572
144.0,114.94059848506868
85.0,68.10139633218128
96.0,115.05569267359333
115.0,111.78546306834517
60.0,63.947911575158166
126.9,121.00824500338321
112.8,93.50337896533354
104.0,99.71324757100456
168.3,149.15644532372235
120.0,135.88271933880984
73.0,71.70183481664107
85.5,94.58634058455985
116.1,122.69839301259596
73.0,72.9534252266467
95.0,92.1917649679546
91.13,103.20866631751294
149.4,139.6257135199963
96.0,94.70149916228141
67.5,72.58902921743415
164.05,130.6279935758141
135.9,120.69488063553351
125.8,120.89671512641114
162.0,147.76062354670256
95.0,95.28973561157957
0.0,149.17996570830974
118.15,135.17148374718317
97.2,84.85350348892347
88.4,79.445742487098
52.0,61.92603117152238
141.84,114.68146690608941
63.75,98.16284237094018
96.0,106.44030408595226
90.0,117.53117686689463
116.1,113.6968210268257
115.0,114.16344308764174
131.4,115.93160349047665
75.0,83.48141320420677
176.4,159.95442632325097
101.0,85.03579178630085
78.3,77.18012901587467
81.0,70.72714912274711
75.0,74.90471909665388
100.0,95.22862532109069
110.0,110.50353125572697
55.0,69.71243557557077
80.0,79.89896829344363
176.4,176.76454515349914
104.05,74.42463884566186
167.4,155.00548960427307
46.0,41.691595494994246
104.1,105.67014488601885
77.0,79.24422676013623
119.7,118.11989783239952
168.73,141.39354524447717
154.0,112.42965349486487
159.3,140.1569822934881
109.0,102.9815196240604
68.72,89.80437491153774
105.0,114.611848063712
126.1,96.44588498652391
125.1,132.41483782439576
115.0,111.78546306834517
77.0,87.50237303277991
158.0,111.35518215803668
105.3,99.79330522587303
81.19,89.92185080268426
70.0,116.44668955901611
136.0,127.47605884148102
88.0,87.47287500591048
77.14,85.5717026781484
93.0,101.11466338620322
67.0,72.49062934906142
72.25,73.48287581816885
124.1,92.91821394934523
84.32,109.13856971026766
108.9,107.63647355636023
89.1,116.15028855991052
43.43,92.27100742891606
91.0,96.83600170763317
78.0,114.22789803082958
85.0,79.87556030754315
116.8,127.36734775622504
107.1,116.01294062313413
132.3,117.31855761476612
106.2,104.44011791630972
87.0,58.07408679780903
109.8,120.05859668011811
0.0,72.9534252266467
73.1,77.9846586793494
80.0,68.49912626329251
177.0,175.9074174490649
104.0,102.46910885814718
128.86,125.69874094750493
139.0,131.30537628541083
115.0,114.92233423806834
36.25,35.544028945996615
74.8,90.05367648146881
128.0,115.4852289673756
89.25,97.2127393973559
139.5,129.16461268098124
89.0,88.96893205347992
65.0,76.0002958433438
68.0,84.75081089265447
79.2,97.75552065004854
99.28,138.37025573834748
154.0,124.03352313482253
127.15,123.45881541978105
127.16,139.82803286417357
83.0,66.17969057565834
60.0,72.05666651914112
97.33,84.57369609404769
159.3,152.54719320699752
145.0,116.86460607607438
67.5,86.06949162532716
89.0,117.9083337626966
70.0,74.64779402229965
105.0,104.81278849404495
129.0,161.36978569004464
177.3,182.44027683313442
100.67,104.95536578642597
79.2,79.35372174905248
86.7,73.93329026169906
67.5,78.39273127394364
193.68,171.1374101027871
85.03,111.53926292117731
88.4,86.71979743843845
97.0,89.78271631605972
80.0,80.9252563994817
119.33,107.84017811084385
101.87,119.16223173581112
113.2,134.46899943678784
74.8,85.67965568575141
105.0,102.01389791715576
91.0,91.39432511482985
127.8,116.89238158568244
72.25,113.38474910107288
123.3,130.6783228688929
141.3,120.56081314377207
152.8,115.5444907567909
90.0,78.87709156691477
88.0,88.45065059801948
117.0,82.76629166699271
63.75,80.31220760217779
73.0,72.9534252266467
112.24,128.49832304400155
207.9,210.86285333755114
100.0,99.62706107399343
73.15,99.18113047892514
58.35,101.39675021635746
117.9,102.40249671467663
134.1,151.4157084653782
110.0,111.0697323478527
80.0,85.32740199346281
117.3,110.16171138400999
74.8,83.65784423383087
120.0,119.71068559579955
94.5,93.03674194780746
85.5,91.59148866124983
112.2,108.7783492116714
80.0,83.21420268278666
93.67,74.66300662011695
95.4,103.70860819145356
104.3,129.7034414967173
49.74,56.760432976013334
96.3,92.45976254357865
57.93,81.52410564739898
239.0,246.3844716218019
149.4,140.82434799706922
67.5,77.81124627406786
76.5,65.74544815245713
100.0,125.7489614624262
96.3,99.58317573458982
119.0,117.74316929065955
63.21,76.08252672008041
127.0,130.89854580498132
140.7,144.07352023290173
145.0,99.6080694444945
79.4,68.99422295903959
116.25,129.37147078911306
116.1,107.30785630584722
119.0,115.08310970989277
100.0,99.84215656132484
75.0,75.69048451137661
73.35,72.35013580431698
65.0,110.75062243040828
126.9,121.87398986683716
65.96,60.79684883572828
114.3,88.45945586636044
128.52,93.4272969285627
184.0,137.18439731004094
207.9,199.32074046641532
49.07,60.84631974045974
57.98,76.03970966105058
130.0,132.1969205443718
115.0,114.92233423806834
61.38,39.050519318135656
82.45,74.91651113038222
109.8,108.670238039674
159.17,131.24505754770726
118.0,116.45473464041069
90.0,80.16039081286897
207.9,211.77411296394976
54.75,59.72738867772264
95.0,93.55579726171236
108.9,108.67993978097137
90.9,91.62969312849039
85.5,78.85008743526954
75.23,96.35576824301137
100.0,99.13652251359252
132.6,126.71442941439184
112.0,100.52824957393831
90.3,82.40111620945643
109.0,106.4740035975932
79.0,82.60205191110637
140.0,126.43431170654816
102.68,116.77434248284646
134.3,88.07642118503989
97.0,90.80651556865362
80.0,79.89896829344363
99.9,92.74656180123587
81.0,81.82869464141854
90.0,91.65767543557654
48.33,60.36010338100493
97.4,77.51889678794842
65.0,65.33962701895814
95.0,93.56328768279855
89.0,88.96893205347992
72.25,94.81837798103123
120.0,119.3881009007107
0.0,69.06352995061476
95.0,92.41302103250007
98.1,121.25402535065783
115.0,114.75740331075455
119.85,121.98885922355447
151.0,131.76094149668108
71.8,124.09274577283722
115.0,114.16344308764174
65.45,73.7981505711232
90.0,87.6121791679844
135.0,143.5854352050108
154.0,126.48013972358046
85.0,79.8809844090917
107.1,145.56426119567988
90.0,92.31628641723472
116.0,106.05815398445277
115.0,114.92233423806834
119.85,109.3575616311451
126.0,127.41149416877366
90.0,88.34614493628759
87.0,87.67539540100992
139.0,135.08769359040807
92.28,110.21041173140323
82.45,94.9254380893172
110.0,90.16846034346962
60.0,59.9475446862242
70.44,95.0565113001411
75.0,79.03887564560637
67.0,72.27113420767344
88.0,97.65707211010098
78.03,90.6713354242323
183.6,150.37099793812493
0.0,93.53782307343782
90.95,93.27235807213691
95.0,92.11336082396637
90.67,85.37739912012401
75.0,78.11704469135432
75.0,75.63365452190385
145.0,80.46759515293076
85.5,110.06833195250849
197.0,96.44985976401003
65.0,71.46227838258302
120.0,100.58875225404188
65.0,46.62133974203084
116.1,121.21780071792747
112.14,150.18679732117408
81.75,83.55313254363011
115.0,114.75740331075455
75.42,81.8967108255449
95.0,104.88700995992534
140.0,135.11212852764191
99.45,75.48764866862597
139.0,119.58066934197495
79.2,82.40774855919545
121.5,136.41130094398216
75.0,105.38780510063292
49.59,69.95279396225524
81.0,81.22502724673762
89.0,89.22611991115124
94.5,96.21247002343776
66.0,68.68142795186245
140.4,117.28626300735012
88.0,90.05512767643887
109.83,113.76015150490107
181.0,96.19579424672433
135.9,115.38703157149232
0.0,41.7379399940969
123.82,123.19857267360555
130.0,129.57325017703974
116.95,125.9221968874147
79.0,84.19167097562348
85.5,99.37320100213815
115.0,115.17554695294672
96.3,86.15487637494478
139.0,132.509104301667
86.72,107.85678084550486
80.0,75.761310294455
72.25,72.8388447743634
66.0,57.44370960321235
65.0,77.39710959855283
65.06,80.52394930999365
69.49,92.00533214651058
101.5,101.41096915448222
140.0,136.38841331925767
205.0,182.2936080805905
161.0,133.82847951308253
99.9,104.16925092730595
146.03,144.84989829852395
121.0,113.75592277392447
134.1,140.7852302892245
119.0,98.75190132108209
68.61,103.15838329031072
121.2,123.52265960597217
80.0,84.81162204108574
190.8,188.52983225950538
182.0,129.03033181351145
176.0,108.88906380294054
115.0,111.78546306834517
146.93,105.25540195467275
105.0,96.15480151261265
130.5,128.70793337835968
113.05,100.11244627087505
118.8,101.9634594117894
73.0,72.9534252266467
139.0,126.87121746804733
144.0,134.65428007894505
118.58,82.38765189395686
103.5,105.48460288295614
65.0,62.700837162610725
129.2,111.20900043128682
81.86,84.01268352963596
120.0,115.78841022580676
137.7,135.38740620743434
115.2,141.71922967980987
152.1,145.95774297573004
136.75,149.02915855829033
67.5,73.5799804307024
125.8,115.68902432254473
63.0,91.00405358133095
85.5,87.70136763212497
74.8,76.55300824919098
169.0,165.90213042182302
75.0,83.97898104407102
76.0,78.08195564639027
0.0,-3.4762076422366306
104.4,95.61410539001531
57.5,93.50740958411951
86.4,91.10169826421152
105.52,112.634561782985
100.67,98.45754921745062
120.0,108.10357895419907
70.0,70.91881519756343
0.0,5.550463697074633
80.0,73.31674590219548
105.3,102.42929843672229
120.0,119.3881009007107
89.0,89.22611991115124
96.0,93.29275102032415
89.25,82.961014144588
69.0,58.80925365584974
74.0,84.26624641084547
117.9,102.11054781471118
105.0,89.71205479682587
149.4,114.16048707163422
71.1,79.07922083750195
90.95,89.53456298823895
85.85,81.66641063391329
72.25,89.76755604253363
99.45,100.44761649738675
95.0,125.08320666295293
87.3,102.22553592617521
85.5,93.36167449895366
153.23,143.94770246101317
118.0,124.0903604968284
90.0,92.31628641723472
72.25,96.8890231772484
126.9,113.17408255950028
89.25,99.084353375067
300.0,100.17105756235769
145.8,127.02674368465381
90.95,92.6507744982964
105.0,107.44628604075298
152.1,147.40153529124538
76.67,75.40119460510408
82.45,71.6284707904375
156.0,97.69160596766764
130.5,134.56643092435786
94.0,88.69654186745318
75.0,75.69048451137661
115.0,114.92233423806834
70.0,73.32124197062673
89.3,131.805358097532
205.0,198.577004535328
0.0,150.0702907460719
105.0,95.1838608363518
100.87,100.06460391150908
133.0,128.11356389043962
130.05,124.38836577984627
101.5,104.29437347766888
130.5,132.79143636434583
90.2,120.89320600289341
115.0,114.8945899858475
95.0,96.59405617726227
88.0,77.50587284033296
169.15,189.1362442356638
119.0,113.14476049118963
74.8,76.7447842725932
89.0,89.22611991115124
102.43,106.43827505299369
72.25,73.86090191749422
56.94,72.53819050636768
120.0,119.71068559579955
0.0,71.88709945967724
72.25,80.09243075294181
200.0,176.52770259793226
95.0,108.66861623204971
130.2,98.16822702634033
86.4,88.99651720691425
84.15,114.08304660203655
125.5,147.47984927779106
0.0,14.440911351118174
110.0,107.409770411609
70.0,70.77707994672596
71.0,74.44566784494405
75.0,75.69048451137661
90.0,91.09433177453991
185.0,185.1117632029301
66.0,106.26178929000432
105.0,104.81278849404495
83.48,73.50509904249064
132.33,122.22009702528997
132.0,126.49441666818835
0.0,79.00833626238465
121.5,132.2592059853905
104.0,97.55338996846972
90.0,71.40686358780385
80.75,87.31102883515335
109.65,119.69379551676985
97.2,90.23601177602544
83.61,104.96807236008837
103.69,137.0809502546857
100.0,102.10448894638793
126.9,111.44610469001407
106.0,94.48829342472365
109.8,96.48228092502255
110.8,123.27480110427662
115.0,108.78723552049291
45.9,66.98099887976127
139.0,124.47645568472468
93.38,90.01148311867945
0.0,32.27400113687479
65.0,84.37240216321551
106.0,82.64671703958095
92.25,91.81609538005816
146.2,149.6845753320823
86.4,77.35117864217446
85.0,95.91977812644866
150.98,135.57956868333
81.0,88.43029201610163
154.71,126.50329224067788
76.76,80.12997043519017
146.7,146.45194281553844
95.4,103.70860819145356
92.86,99.03232963361809
109.65,108.81220836550128
150.25,89.53565748560388
190.8,120.53964031038211
165.6,107.4334404049403
130.0,129.17387660883767
83.58,89.1356974967834
109.0,115.82833532114623
72.25,72.01787323884808
104.0,103.76307959767226
130.0,128.26773488259272
115.0,114.8945899858475
72.25,101.74379658140981
73.0,69.67378760553679
109.0,104.29437347766888
83.9,76.02922634340456
130.0,129.57325017703974
130.0,129.17387660883767
114.75,130.9071196074455
65.0,66.01341069191682
116.0,109.05560787193056
115.0,123.52607397740331
91.67,61.33729083002242
72.47,85.04628048114452
96.3,92.14001955399215
126.9,109.3765885065256
194.4,152.68490720156362
96.0,89.15744728721226
113.9,130.58226204724676
143.38,129.49129080085254
130.0,132.1969205443718
90.0,98.61485474904943
150.56,138.87546125136777
94.5,91.30195088530861
120.0,126.88645748869355
15.0,77.27685566978685
88.0,120.92409486087901
121.0,98.67099435699637
109.0,104.38777194358128
83.0,81.60733473224401
85.0,100.86913955711587
149.0,111.46091737718584
205.38,189.00852248105784
132.13,106.45600514911011
100.3,127.20820389457714
124.8,126.79231078286948
165.6,104.24777894229906
121.0,98.67099435699637
51.71,81.82418133072052
160.83,175.59610422248426
97.0,92.6596182279426
198.9,202.05053922425034
154.0,140.0532001570086
139.0,135.31419895311487
187.0,166.95538712930818
130.0,127.76153867575019
74.8,76.45842259510653
137.0,131.76004046824428
72.63,98.19747838943202
109.0,121.44298617564478
126.9,97.14708794087296
72.0,60.17261888436117
64.6,82.61787206291245
86.4,88.58858655523888
108.0,109.00169733283417
0.0,85.315535768083
89.0,96.83869188566149
96.3,90.00196550702142
89.0,103.53100281451222
130.0,118.04807176274242
102.3,86.68646356930745
140.7,129.86654661060814
124.25,122.29832897999546
110.8,98.61630704136942
80.0,75.36951318798525
81.0,81.22502724673762
108.8,89.07765331469949
63.75,107.41194396114797
67.0,66.68329807590322
87.0,82.39709735524576
112.42,98.39275887067063
107.1,119.68005871693086
115.0,114.16344308764174
89.25,82.64993200051536
131.0,111.74592740504738
101.5,104.29437347766888
75.0,74.90471909665388
86.0,85.02249536321833
143.5,135.12432138865037
116.1,116.57125968847119
109.0,104.34467192650543
88.0,84.52540501754572
87.0,69.912051481616
118.0,146.14870927409947
146.6,144.73382048495625
90.95,96.86438665505904
74.68,73.59113075996626
120.55,86.55214867765999
235.5,224.97594890009705
95.4,101.2761720394078
80.75,97.72952054703012
99.0,94.13769323967277
42.5,93.88657723507899
88.4,81.6507083852504
188.5,152.15538103036528
107.95,89.75273962306173
65.0,66.40228829238835
167.45,174.88674260063152
119.0,117.62550495728244
96.05,105.42599820945165
127.8,129.84693844187657
118.8,94.8712142937442
115.0,117.17657838592572
80.0,75.01678720399141
65.6,63.81995126324831
114.3,107.77214986827143
101.0,84.29511916364936
96.0,95.21207397862142
108.8,89.07765331469949
73.37,107.04084595072757
126.3,123.90364417010824
79.2,86.17922452338115
89.0,88.96893205347992
103.0,105.83420503361866
77.23,85.38039928023817
65.0,72.72136194681099
108.0,109.73681519448203
109.65,110.36778545835317
135.64,128.82807226679077
120.0,115.78841022580676
90.95,89.35307424119986
79.2,75.4601277288798
94.5,91.30195088530861
140.7,121.7840845766687
55.0,85.1169565494233
79.2,94.34273141493475
72.25,86.4563539111169
75.0,83.48141320420677
114.3,115.51894323759693
61.0,61.28757888157563
67.0,72.70487787075925
121.5,107.01103502875225
109.0,104.34467192650543
98.41,110.77356151125336
80.0,75.36951318798525
85.5,101.51535449560964
85.0,116.80566849957778
109.8,102.96512282002581
95.0,96.01826451652613
96.0,88.44896827904725
109.0,104.34467192650543
95.0,95.28973561157957
168.3,148.66397171349035
177.3,178.21637873318798
93.0,120.5001836436902
124.44,81.16646739723515
105.3,99.69336779705601
95.0,95.28973561157957
146.0,134.12514456210127
0.0,66.67375883377174
230.0,251.0190682332707
125.0,104.0535494475728
0.0,97.04120964036764
63.75,80.36853925979429
85.0,83.94605344915993
110.0,110.46118124782004
90.9,92.63949123747351
82.0,73.49426845851912
113.0,98.73820382544507
58.4,90.49551768680128
159.3,143.1547785425845
98.1,101.62749494676221
85.0,85.51348209156598
58.0,86.8171292316907
90.0,95.01267480682594
101.18,114.47768425693809
67.0,64.96217545410016
0.0,42.62768887290203
100.0,98.55844519035311
115.0,110.14023623680139
100.0,99.58808286025257
94.5,88.21067387585386
67.05,94.70284278412593
96.3,89.68736564449168
99.2,136.76944870327037
132.6,112.36391733481508
121.5,136.70363346711696
81.0,79.1630238370514
67.5,70.27016347747204
89.89,88.49532468121852
82.45,98.29995109108577
75.0,96.15480151261265
80.0,82.10097804062953
114.3,108.85110222948933
85.5,101.96131045016989
111.3,98.30758734674414
81.9,86.50110745842828
115.0,114.45028726238519
117.0,113.39554585191694
109.0,102.46157530463768
99.45,78.73228770511832
142.0,128.63872525604916
59.14,73.54536952144232
79.0,83.43911716327625
102.6,99.26754017894989
89.0,100.24347783597733
115.0,114.75740331075455
126.9,109.89811597638193
94.5,99.27631916142101
95.0,108.5554034963597
120.0,105.4830832219254
127.8,104.77590529704922
134.1,122.9665389435538
143.1,145.40209204599986
85.5,77.38848682046564
110.0,110.46118124782004
1.0,62.852717395335915
78.0,76.95428640836997
126.9,114.87794803434736
151.0,119.27818224265546
80.5,84.77984786332077
94.5,114.19843264168378
68.0,90.77119804700858
106.2,107.58995824889553
90.95,84.7754633255353
90.0,74.39786233963241
200.0,148.88947446547684
55.63,67.51524094075057
103.5,117.9578570890797
145.8,124.81605800695235
75.0,92.20300825772105
74.15,88.91678539078808
120.0,116.65578120389338
120.0,119.92373897421919
138.0,121.56422714276167
230.0,198.3419179426674
88.4,87.69943444717251
104.0,91.90418127970861
109.8,108.77900722979285
80.1,96.92672251904263
118.0,128.8639972250039
85.5,102.50602574739649
115.0,114.8945899858475
251.5,213.51897292425699
105.3,109.29258133770973
151.2,122.27360654458852
55.0,60.33479624420865
80.75,107.31387612832744
79.2,85.43647857025945
187.0,163.02581736500224
100.0,99.82252358249755
86.32,97.21542072990016
89.89,89.0358995365871
106.2,105.0296576256467
115.0,114.45028726238519
71.1,73.0241729897139
98.8,100.72427623073968
125.1,121.8814895241466
115.0,138.18021465655892
96.92,82.53121349840876
40.67,83.89969407529591
100.0,99.58808286025257
113.52,104.70844839879112
106.0,89.51148039695842
74.15,86.17174181970995
95.0,96.02792175864036
66.53,88.97922656071394
80.75,80.74788902822344
75.0,81.65599141541549
85.5,118.73475277118912
79.2,73.47003223203542
141.0,140.7458246974503
83.39,93.02620877147434
120.0,119.71068559579955
90.0,94.92725915427577
109.0,121.72696100003965
110.0,99.23648863487593
40.67,83.89969407529591
65.0,69.41726817618473
130.0,110.21654843209868
78.0,74.96181135667267
90.95,91.01164260085199
146.0,130.90077595146175
136.0,133.2868785540067
107.25,107.80935350362576
65.0,68.65226355536343
66.0,69.40320922100457
100.5,100.49036851320076
75.0,108.66140445095239
96.9,136.78721043728106
89.0,101.12338169248947
76.97,85.01536181110366
100.73,105.56524658716727
94.5,86.96902910679465
130.0,129.17387660883767
0.0,134.99271315853548
69.5,80.5327255605415
132.3,107.74558531018313
70.0,72.96409618594986
65.0,111.55503233912327
132.3,107.13736139754451
130.0,128.26773488259272
103.5,116.46786204499999
113.72,141.35851149287956
84.8,75.3083863698965
106.25,107.00076269292164
99.0,107.905651942749
73.0,69.67378760553679
114.0,95.1838608363518
187.0,169.01566790430806
149.4,149.3087431906088
80.0,78.04644141688385
119.0,107.02001608545756
90.98,99.61105961501887
109.85,101.96905605843253
85.0,88.06768829292132
54.5,81.0427967528395
93.6,86.71990786765397
79.0,78.29463678903471
250.0,119.94227494973028
105.3,95.69148067389128
89.0,88.96893205347992
0.0,90.40863196821104
100.0,85.32908399335646
127.8,144.37188887613493
87.0,79.97683217012663
105.3,98.6618148118655
118.8,113.98365321009872
68.8,62.624490024720664
105.3,99.16940293842157
139.0,89.06000289500008
136.0,103.39585219165626
101.5,104.29437347766888
105.3,114.83596585709428
81.0,81.22502724673762
97.33,99.845682363315
128.56,142.03061001897086
86.63,96.92423470323668
79.0,49.923255642404854
91.8,91.64152511243188
117.9,112.11574662130606
157.5,148.85803397906622
98.32,89.82105523059727
72.25,95.24196159737787
105.3,101.58910485965396
97.0,102.3992929109081
142.2,135.22025036740257
83.3,80.28485497226798
85.0,99.60337389685657
73.0,71.70183481664107
129.96,123.1167027767832
106.2,80.454058835444
168.5,139.67248919863246
89.25,84.28907055816688
90.4,117.70878707989131
124.0,100.3232037463955
98.55,102.54658527216662
100.0,101.98030240784277
72.0,80.18669255382918
78.54,77.85244250494367
67.83,60.34796211413283
0.0,60.35397001979981
65.0,59.62933648233051
132.6,110.57532322714586
143.1,116.083077415734
96.3,95.8699999530946
104.0,98.92427059885824
113.4,92.46565139936831
65.0,64.48026708549719
81.82,73.94438754126047
100.0,96.21917089282317
187.0,166.95538712930818
102.6,98.38984414213523
78.5,93.71804726347425
80.0,79.89896829344363
94.5,95.81264560109383
75.0,78.79246642865733
120.0,120.8818339816601
133.0,96.77295186599494
132.6,108.67884890781362
130.9,129.65543832556847
90.0,92.6574965543964
159.3,149.64034755191847
117.9,121.71115798680775
101.15,111.8506744335756
60.29,68.532424452551
96.91,88.81104312711244
75.0,83.99114769402176
110.0,110.50353125572697
75.0,79.7040141425802
88.4,90.55357207702438
80.75,77.91169223952734
190.0,113.80367306344128
90.9,89.50686636450638
76.5,90.28489988446611
88.01,105.92028111404095
104.0,102.46910885814718
104.0,102.46910885814718
0.0,40.58175957557023
75.0,87.35511620368113
103.09,94.76226444032685
77.04,94.8631664202965
111.0,97.228560947602
137.19,121.7200827975059
170.1,115.61873930311332
95.2,82.9586547820316
93.09,111.14837919655346
80.0,76.67791613876176
91.38,101.80161332581446
122.33,124.2001344253126
150.3,139.97456699574548
75.0,96.55585848925016
89.0,88.96893205347992
106.25,124.21706060671909
89.25,92.60437941534012
105.4,140.17078094504583
79.2,97.75552065004854
117.9,110.55092328870347
110.0,108.54972343501665
65.0,63.7985186094534
58.0,61.85297509091232
207.9,140.34585958436077
95.0,119.24342123918736
151.2,144.73200088775826
61.41,73.11693707959652
101.33,118.06004516732237
150.9,158.6544551718805
284.1,162.23100926681172
82.45,108.50911516665164
100.0,99.82252358249755
81.0,81.22502724673762
134.0,127.17485547125646
88.0,90.23312229558805
100.0,100.15122973802818
65.0,82.81081351773773
139.0,139.13150636722253
115.0,114.78988943790822
72.76,87.02477713975726
76.58,94.51932869991779
146.96,128.63340791224053
74.8,84.95575007295545
105.3,98.38910870544618
129.0,107.64185599406866
80.85,84.74990992058085
114.4,114.17816166006243
120.0,113.02718523319282
130.0,129.57325017703974
164.25,151.00992556887883
139.33,140.25977763954668
76.97,85.05110602848994
120.0,116.65578120389338
120.0,116.41373243986713
126.9,98.47549515862141
72.5,64.58149524479862
90.0,93.00887804196236
65.0,83.49248002813532
66.0,32.31805099522671
108.67,86.40813371450524
100.0,104.10482144029453
107.0,94.24608882235758
58.36,59.88336737448382
138.5,111.17944153850793
110.46,126.0130696637669
91.8,87.39519340940451
119.85,111.06262024246642
74.8,75.17789981778944
119.52,107.85696436602353
90.0,87.6121791679844
73.9,68.0211886292386
76.5,71.82006124009672
112.63,102.28427084680101
64.14,73.01183348022887
108.0,110.87107667821614
133.0,126.77199566590807
152.1,182.93327250782278
70.0,76.36360824764165
76.5,74.38792889293525
67.0,66.68329807590322
79.2,76.11441052061176
75.0,97.18404496753165
107.1,103.74238721165074
85.0,88.51731799171577
65.0,67.37058381119365
85.5,92.12781777127883
184.0,146.7863228553019
55.63,68.11008673580778
115.0,114.75740331075455
81.0,81.22502724673762
85.5,94.58634058455985
80.0,74.86957794054382
197.0,187.6903467586311
0.0,58.29476566423148
99.45,102.05976136964561
80.08,74.0639675805786
105.0,104.81278849404495
75.0,70.01254342281915
68.0,73.17997519655538
100.0,99.00756318361182
73.8,85.78399683027051
97.0,74.0428785686716
76.5,123.06579232535279
156.0,147.51699909501076
89.0,102.88892095090007
118.8,121.37996232112299
116.1,118.98573726345634
141.75,114.76194769775505
87.55,80.80810148262975
143.28,146.66894523992735
87.78,111.64600523783092
75.0,75.69048451137661
121.55,127.57172411373256
64.0,69.26930359920362
89.75,110.0116866945937
129.0,137.46816137864187
129.0,115.39994712130051
136.0,120.10559363164721
103.0,82.64166743829327
72.0,74.21295711084913
109.0,104.38777194358128
162.0,164.30871957259086
90.95,91.15247751582751
91.38,73.27366098096796
70.0,66.52451928324345
85.5,120.73612410469444
85.0,85.51348209156598
189.9,188.10224572037208
120.0,114.2401625309831
66.0,58.451773591600485
98.55,102.54658527216662
120.0,119.94227494973028
70.0,80.83836866819603
62.0,62.39242420924444
69.6,76.28984242289599
65.0,64.50780101285972
166.25,123.58301775354232
107.0,94.12985746108602
77.0,74.9679974005082
90.0,80.4708497508903
95.0,96.5212807262695
94.5,93.33009316380353
70.55,80.41097195437595
127.0,122.11540460158864
99.45,105.48774876322415
85.5,92.9725609174063
116.45,130.03053801954795
126.9,126.90952488377302
90.95,91.14678991128561
100.0,102.20371482634641
85.0,93.88657723507899
88.0,67.93742507676997
120.28,116.55707599214163
133.5,140.35621707453393
115.0,114.92233423806834
117.0,111.58246492577254
89.0,113.29724548074724
107.64,79.06424685351408
176.0,139.323453833512
139.5,124.31816935050132
115.0,111.78546306834517
100.0,87.94944286200074
115.0,114.16344308764174
219.6,157.1388715297103
109.0,104.29437347766888
137.0,132.61164290928102
109.0,105.4552332335306
75.0,76.10670252202631
115.0,114.8945899858475
52.0,51.361936401226494
75.0,87.44985778537573
126.0,114.74853799268183
52.0,54.31593241392237
96.3,91.83267187126637
87.78,78.20019217127509
81.0,81.22502724673762
85.0,94.51125527791984
71.1,88.4538132096695
162.0,145.98666792321518
90.0,87.67539540100992
177.0,145.03760260426924
90.0,112.92295926240908
73.0,72.9534252266467
82.45,81.63043920228031
67.5,80.46661152631088
85.0,99.44130138102636
135.0,140.8152901774077
72.25,94.57889541898953
129.0,125.9008165587851
120.0,120.01281708083722
123.3,115.91423713763108
123.3,117.77848242232609
90.0,90.99078354436546
121.5,107.63666814372226
110.0,107.70628184976454
40.0,30.128077834130494
168.3,163.23563363586726
124.1,118.41603655544954
87.78,122.58801791300141
90.95,87.61889627217575
89.25,99.17585840035665
181.0,111.64840294046614
89.0,110.95145617828527
68.0,78.58307955993139
103.57,117.4904017717152
115.0,110.14023623680139
114.3,98.36700443798169
86.0,77.18240773876236
89.1,105.14720485201106
109.33,84.24185282510078
116.1,85.04808882158484
64.0,76.59679016971316
101.5,104.34467192650543
117.68,139.91228302226412
125.1,126.36424662219694
87.3,67.59271819289049
105.3,101.88380408891716
183.74,197.47804500524566
136.0,136.410134187004
116.62,100.59337207028437
152.1,155.73639081769974
70.55,76.86844302123642
95.0,92.48939733311525
102.43,106.43827505299369
159.3,148.3276567041493
123.9,115.56060955666442
88.4,82.97092439474656
110.0,102.67920383760864
81.0,82.47377409707056
119.85,109.96426226646366
120.0,114.94537423024376
80.0,73.17563285704134
120.0,119.71068559579955
109.0,104.38777194358128
90.23,99.84426347826586
109.0,104.34467192650543
140.0,126.51595186588038
75.0,74.61071686490646
105.0,106.34209806393201
130.0,126.01791049191718
65.0,81.10740225842741
87.0,80.51501118368391
76.5,71.53993922546248
98.25,121.96615377966039
150.61,166.88885917842651
99.0,80.11098805622935
95.0,96.02792175864036
112.33,104.25166293653847
145.6,127.22413207330713
79.0,93.59491243125495
51.69,79.0240679379555
68.0,72.31450309210736
80.0,61.7816226784755
60.83,86.43194247029433
130.4,102.49798034242924
115.0,114.8945899858475
110.9,104.53874790564423
114.3,99.72771144304264
110.0,107.06845158373415
95.0,97.16089776566339
132.88,132.44637026854696
124.2,88.16693141680445
109.0,106.4740035975932
60.0,74.75026397129108
108.0,116.87224598709598
137.7,137.64839455696614
99.88,101.23161212847614
118.8,103.65360527837386
115.0,170.4334543573995
65.0,59.458632308317135
120.0,127.74232585576239
107.0,94.41729062386877
92.86,103.33504312014966
104.55,94.63965090021429
130.5,109.78179427673892
194.0,165.8438937999406
65.0,67.62570244374575
87.01,115.63697040618024
99.9,100.60840410437791
101.0,109.63430460734877
81.0,88.26077781372162
67.0,67.72746199014105
59.5,94.89803773900144
94.0,98.65223966235561
174.25,156.30344694358254
135.9,153.97019715005916
135.9,132.2221483258318
99.0,95.26367878077785
83.59,109.94022372773725
50.0,55.891196379391786
112.2,126.19002138656506
130.0,128.29092619617526
105.61,97.94227386514663
78.0,67.66191090169332
87.0,80.34486719014708
101.33,102.76890546040515
93.6,81.8311646131857
103.5,110.14447327415444
100.0,93.25916280114019
99.45,96.82414118901644
121.0,108.96278154731439
151.2,142.4899765114007
0.0,18.926151502241467
151.0,143.01628947036966
52.0,54.31593241392237
140.4,116.96829854107122
115.0,114.92233423806834
100.0,102.20371482634641
160.0,137.3843690245394
65.0,70.10157531951916
148.0,138.24478251500477
80.75,87.50669751111398
75.0,72.32796449241722
72.25,92.2597974541391
130.0,122.55234760150692
129.0,92.19625725813388
120.0,119.71068559579955
120.0,119.71068559579955
89.25,81.16217853118053
128.7,133.11831485944577
80.0,68.13506104571675
104.25,101.9107457683426
110.0,110.29204902629637
114.5,98.29324016866256
91.38,78.85773332464083
135.9,116.22185584770384
156.0,151.44395595012747
149.4,134.71657402338525
183.0,129.63447306544703
74.8,79.8468254049187
95.0,94.42224136941262
113.24,115.08112017271094
91.13,74.05748003983204
92.0,171.39669661886074
104.72,113.24650759680893
183.0,164.6098482032825
125.1,89.70442853642454
134.78,100.09727816191318
85.5,91.0247159372013
80.0,59.76998272153803
104.08,71.11032174295308
168.3,172.56862895973336
89.25,95.41768436863117
93.6,70.34923569128833
126.9,111.78529487284021
126.9,108.84618257966986
74.8,82.4867902081074
110.0,107.73940168861415
140.0,138.9665158599651
94.5,105.18797239867537
143.1,119.005802658285
106.0,82.53127858017108
90.0,89.69430209972266
96.3,92.0653041717803
109.0,79.10166418611043
132.3,110.84771501571316
68.0,120.91782280088938
116.1,126.70439996518334
78.3,67.51521397810708
131.4,99.30200454362837
129.6,132.47972006017966
65.0,65.97536225567666
101.58,96.09596585284271
90.95,88.17820364803588
124.0,100.05459770519543
87.3,85.61108744981959
52.0,51.48635249543375
89.0,84.33348015184556
73.9,67.85862482129298
59.5,90.00789418188874
120.0,110.74968114875982
65.0,102.36557373954514
49.07,60.84631974045974
80.75,97.72952054703012
80.75,100.78041488614828
147.9,169.59835578936296
65.0,71.38295903336558
84.0,84.39595754845863
109.8,100.92208180232588
72.25,78.46235192636148
38.67,69.99205280931406
133.0,113.16453703641356
221.0,201.27821211458507
109.8,108.34915911061145
88.4,89.81460554406897
130.2,107.19594876597054
113.05,103.83271247150645
62.83,82.69301529361353
78.0,79.68099963704607
115.0,109.24275620702988
87.5,86.1218981595962
70.0,79.34184170852463
125.0,98.43036111140788
129.6,110.85045100850093
115.0,114.45028726238519
67.5,69.75308687269688
89.25,94.2037394345655
76.48,114.79249484649458
119.4,131.0305182181015
108.9,95.90867211262467
112.2,87.62087728036828
65.6,75.12962293342078
103.13,86.98873989548622
156.0,140.87736104991845
91.0,96.83600170763317
65.0,59.52872482341113
120.0,116.65578120389338
174.6,122.12006473085066
90.0,87.81038737656529
120.0,104.1633128779199
122.4,115.29072694965616
174.0,154.30526940711258
116.7,116.07036851097638
80.0,90.06188485523421
126.9,118.72554808704713
113.4,108.94570955037256
69.9,74.39878812670955
153.0,105.28114279308411
109.8,118.83297059606119
95.4,84.97521204412186
93.0,74.91745457233206
117.0,114.78939989501158
108.0,105.47652313321055
166.0,122.96268223910849
168.3,164.24331653155568
89.25,96.15081692542132
75.0,94.41729062386877
94.5,114.01393498029333
80.0,84.05152120305073
119.0,120.90992298222385
115.0,128.8639972250039
94.5,98.2301857766708
75.86,85.1408013805597
149.0,159.0786774707974
190.8,205.51671404206766
171.0,123.32507303433806
76.5,95.49313921789512
211.0,235.6944994234648
98.0,78.33812042104634
129.0,127.52816170689823
157.25,154.0452179054478
100.0,99.58808286025257
79.56,99.5170588300984
113.96,134.6568362082583
78.48,119.62200888897524
85.38,75.38928775379085
136.67,123.99026543626061
133.45,134.13299678307155
96.3,102.66899646583872
156.0,119.24628436598985
157.85,152.11204680647683
65.0,71.64094016894433
75.0,103.77919104443944
89.0,97.30101483115584
107.8,93.42030349065286
114.0,109.85396239830713
82.45,85.51604755114043
78.54,97.18437843433074
110.0,107.06845158373415
132.0,124.9061338458295
80.3,77.30751362268855
85.85,79.99895695150954
135.0,104.7235165097136
156.0,127.87309551224178
100.0,99.82252358249755
123.3,103.29260953065851
118.0,112.20359372204504
119.0,114.85558231645524
127.8,123.9349900218257
130.0,129.57325017703974
121.0,117.75680285100727
104.4,99.07661974846758
101.58,87.40925926113084
101.5,104.34467192650543
107.0,111.93898691944484
70.0,75.05116109631113
120.0,119.71068559579955
100.0,99.58808286025257
90.67,93.35584461220277
110.0,110.46118124782004
101.5,104.34467192650543
96.9,132.37868668060364
129.0,128.54835693664822
108.67,84.36554433216382
129.0,107.02001608545756
104.0,102.46910885814718
146.7,163.14941531264213
110.0,58.09240951071092
65.0,74.56039307841259
105.0,104.81278849404495
126.9,115.40755646653544
115.0,107.07162111965636
130.0,129.57325017703974
140.0,138.9665158599651
84.15,86.62324618501009
89.0,81.20948958496106
67.0,69.24621285052098
95.4,60.210875376206936
75.43,69.05456209523831
79.0,91.97060878764175
99.45,82.58235194058366
105.3,97.50803363797718
60.0,64.02020571001339
137.7,132.28438418688566
129.6,138.4768843626536
108.0,98.20839017653716
110.0,107.70628184976454
135.9,138.3355837285147
0.0,6.3344651425315135
78.3,76.2473056413588
74.8,81.27228569207179
126.0,108.45765138680682
168.3,155.9271194340035
68.07,80.41418212262593
88.0,67.57029130382755
194.8,186.47110476113284
105.3,103.01139035453912
95.0,132.51860440095612
107.0,94.41729062386877
85.5,100.9118456940065
103.95,92.9732452155238
164.88,164.92716489265888
70.0,67.703492503251
96.3,94.30035217150893
87.0,85.84662918582517
84.7,101.2194841712061
90.95,94.60716163914762
137.7,133.92824144760945
73.95,68.61688614239327
120.0,116.91786387732185
174.0,163.00764284371527
74.88,96.28053477811518
132.6,110.95365667248463
68.0,81.67381169799587
142.72,157.37721640492828
65.0,61.39674147514982
80.0,88.4072020788267
109.0,97.29774743458715
115.0,108.78723552049291
100.0,92.11015312443818
126.9,119.82944149767948
278.0,232.19091138936773
171.9,161.5020028604477
124.0,112.33661526127624
93.0,83.86073653191607
103.5,95.3699236527925
126.0,121.47402901279598
96.3,106.00273119846291
138.0,120.17010820020135
148.91,120.26191204003999
67.5,68.74813648657312
100.0,83.26973646926257
186.0,175.6094599744264
122.4,96.66588876483353
80.0,80.9252563994817
80.0,99.12809294393415
151.0,148.6245673408406
80.75,104.44925756638833
80.0,73.31674590219548
162.33,160.2405110614755
77.0,95.41992812661815
124.0,75.58236568892579
62.83,83.61186021974707
87.3,80.75786967560134
0.0,21.675752555932633
74.8,81.95818977345937
98.0,94.10980244988106
86.0,65.50372811809031
87.18,89.53164781715101
105.3,102.80639010899296
141.0,119.96187623207587
82.0,81.39923222393371
75.0,75.55850875495815
101.55,114.03249923909601
95.0,79.0213133897208
96.0,78.60355237223993
80.0,90.06188485523421
136.67,134.61981710334172
81.82,76.98806457469058
99.45,96.83046263150663
95.0,96.02792175864036
89.0,89.22611991115124
95.04,76.95480819340096
85.0,79.8809844090917
75.23,95.62544343687753
140.0,138.9665158599651
101.5,104.34467192650543
174.9,128.04182997956983
76.16,104.4870993402381
118.8,105.14421544938513
90.9,106.7034286675913
218.72,145.58547830917425
140.0,138.31156721435144
76.5,68.66367514635418
105.3,105.26192974098117
80.0,63.95670262891097
103.0,88.86011861849502
162.0,156.09541143696114
73.0,72.9534252266467
69.22,68.87191532575295
103.14,82.85712513655007
0.0,39.53189482670034
128.7,125.88719720038375
75.0,94.41729062386877
115.0,114.45028726238519
116.1,116.72363107875063
121.37,108.75481936680654
93.6,95.13415941627186
75.0,89.0164809582009
143.1,146.75484117809904
144.84,151.61864981286556
115.0,114.92233423806834
75.0,76.10670252202631
88.4,89.66379390157023
148.5,125.90071438514636
79.8,94.3443100880313
105.0,126.19002138656506
115.0,110.14023623680139
71.7,68.76110791721446
95.0,94.24494734035328
90.0,88.4660752659843
64.64,73.5100068231144
80.0,88.4072020788267
108.9,105.9981695943502
77.0,84.46242446814244
94.5,92.14516596382104
78.3,84.16600052420873
118.2,111.29796423171977
114.0,93.00567768947529
63.75,66.27113053039365
94.5,92.07397229436279
85.5,98.14077074417618
137.52,114.44403891389572
20.0,123.14726149137209
150.3,135.71864232063052
75.95,86.26542474297332
213.0,144.94905642651992
92.85,97.45009985049512
60.0,66.79621995713447
140.05,158.6644122064559
108.9,88.33897876259
49.07,68.62735240367601
100.0,92.72111288914469
100.0,90.49782109696275
81.0,79.35637324270095
114.3,104.65840419177954
89.0,89.22611991115124
85.0,94.51125527791984
78.53,80.96631225082879
40.0,71.29847375098325
90.0,85.2553982571222
94.5,91.90628301421255
78.3,78.10873809124371
82.0,65.14173135088494
65.0,64.14220637551462
93.0,109.41300812697071
119.1,135.05432016749657
80.75,87.6406176829063
159.3,141.3566002938147
125.67,123.1552280291796
103.7,90.52539513440766
171.2,96.90357676026987
67.5,65.97794090667082
101.0,86.46739290741242
109.0,104.29437347766888
149.4,99.38757493926133
84.0,85.12154820645438
116.1,82.21339069376307
175.56,152.5955197270083
63.75,112.31356702804563
121.5,101.81312428701514
156.0,95.9290099617561
101.5,104.34467192650543
88.0,94.73328632535515
82.0,106.91020040304593
59.5,74.03277748827989
139.33,131.29609247990652
88.0,79.05655279769013
108.11,112.91493577188503
190.0,194.81194749578486
123.3,141.72998870893707
80.0,75.00551236419162
105.4,129.73568696475172
134.0,122.10558310794598
115.2,84.08304932077898
89.0,85.7621322507746
78.0,74.96181135667267
90.0,87.67539540100992
68.07,75.59753933136498
130.05,131.5972551489962
89.25,96.55893121911552
117.9,113.62018900620345
73.95,65.76301665739985
108.8,104.94566917061789
44.6,93.66920675374912
140.0,130.2139686329257
95.0,97.73415781422528
143.65,80.90260167289078
261.0,113.12889957117454
92.82,80.68994128555737
120.47,142.8202549248814
139.0,125.87641836108104
150.3,160.37505339569924
163.0,150.64851204257945
48.5,85.4408490745157
96.9,80.92644144104342
80.0,69.9680021817066
93.15,98.76905532414925
112.8,112.23711302000856
104.0,96.63656069206766
94.0,91.95969188141677
104.4,96.44650498189775
100.0,99.58808286025257
126.9,130.46269350782998
105.3,103.5482152723746
60.0,59.77424777453026
46.4,90.533716996944
164.5,145.79325729731855
90.0,96.92336365412714
184.0,151.95478698154213
100.0,95.22862532109069
90.0,93.26045125092423
123.33,119.94111888537878
140.4,111.37025755579137
132.6,109.87206858500477
90.0,91.65767543557654
109.0,104.34467192650543
85.5,105.93840292783041
156.0,128.21508047649002
140.0,136.9704199309329
107.1,108.79085864115709
99.45,93.05817508361643
75.0,86.55160297480275
71.84,70.32644073757046
94.5,92.14516596382104
67.32,75.76866516677339
83.18,87.5968523002372
81.0,88.43029201610163
121.37,108.75481936680654
98.0,104.58546399833881
133.8,124.04335136868075
240.0,228.31800464501435
88.5,101.36221213528138
144.9,147.5419563143584
126.9,119.39847756267052
120.0,116.41373243986713
100.8,97.47365805943952
75.0,70.01254342281915
114.0,98.56302911205138
139.33,137.58407670707777
85.85,84.62923183347719
104.55,108.20262450062437
60.48,96.29765638896028
63.75,83.40946748360764
109.33,110.56705095440488
121.13,111.91312007247107
151.0,146.06989632880789
152.1,154.1162063993991
165.0,109.09443286133575
106.0,95.8768103334458
120.27,137.96224110822968
101.0,98.94092065224885
76.5,82.13125317571831
153.0,121.05084527995184
95.0,97.73415781422528
99.0,112.40748482932685
108.45,104.97465235791397
87.3,88.4407255247656
140.0,122.84460911914137
76.67,75.51339273835607
0.0,155.65300291278172
89.0,81.20948958496106
110.0,79.91234464507477
139.52,108.39361402622842
88.4,74.81587029128409
105.61,110.11043308342228
76.0,58.094386813569095
111.0,100.29206791708776
65.0,73.58154853910345
43.5,73.43108738532725
294.0,228.07456766443588
90.9,92.50310784139808
140.75,139.5456634957597
75.33,94.82027405058922
105.0,100.4310459382107
78.0,83.70670734281265
141.0,113.63571124254838
69.53,94.94256417184309
174.15,144.70619881700102
110.0,132.5079548907157
90.0,93.80469688351482
65.0,60.67763530359672
65.0,61.39674147514982
126.0,111.3239284074823
153.0,99.01698683268543
115.0,115.57103363045834
107.95,95.36995148580095
98.25,104.22943750709132
89.0,88.96893205347992
52.0,51.361936401226494
68.22,71.4713058868815
145.0,122.20744872593366
62.0,64.5428338582775
92.4,91.77395364116539
108.0,107.72575510861044
79.2,92.06944266020365
109.8,100.99557329017024
94.5,95.87220021490808
152.1,170.5317918584641
103.78,136.28359958060625
65.0,55.4775971929313
70.0,70.090797945584
88.4,84.63662833965935
140.4,118.04185876975883
130.0,129.57325017703974
97.02,104.24846715181346
117.0,114.78939989501158
79.5,86.05665016484133
173.95,175.2821032351207
154.0,123.60623525291425
131.4,82.98597421238858
99.45,101.63399828344366
0.0,25.6693462301878
80.0,75.36951318798525
69.99,139.04508618391276
135.9,123.8730241758614
147.6,130.73904449662476
76.5,64.35462173558005
93.6,88.10843760435345
71.0,62.39242420924444
87.0,76.76685307531257
211.41,140.92122741473784
109.8,100.99557329017024
119.1,106.37238579660934
62.91,79.27811572477239
104.4,92.75553297076887
80.75,92.27128185061844
160.0,147.222453224709
91.0,87.49141708022262
85.0,93.88657723507899
152.1,147.01135500634433
108.0,89.36542300794179
85.0,115.59049465744273
135.0,141.13332897811574
135.0,121.02271900442564
68.25,84.8803280378152
76.5,97.4644126847564
0.0,57.978457488166995
70.75,73.64696031944403
89.25,89.73775108682452
71.0,81.03549359313482
90.95,103.33504312014966
78.54,99.61092121585236
127.0,121.99848842435384
114.3,99.9689976517119
65.13,81.1114379947132
139.0,111.220938105695
55.0,85.1169565494233
70.0,76.91159154647372
104.0,102.46910885814718
140.27,117.93710427607049
123.3,112.59089516098183
144.5,136.9810153829696
216.0,235.36825118483304
90.9,105.4629391688002
72.9,80.65502619851186
140.0,126.30461313934975
159.3,168.61109851327956
115.0,114.78988943790822
89.0,112.76154189015158
92.0,100.77579447518374
109.0,104.34467192650543
81.9,71.02597449321786
78.0,81.5997286145356
100.73,117.05974344453215
96.9,115.23802987052326
62.0,73.77647031635821
75.0,94.41729062386877
90.0,96.01379730015044
98.1,115.88758713712048
80.3,79.01669374100382
81.25,73.87002536186213
139.5,134.66748566976563
89.5,79.21636770143346
115.0,111.78546306834517
102.0,185.93255650669852
72.25,69.75181435279885
150.45,170.68992377363827
62.64,68.6572268511438
79.2,83.40609262336335
73.0,72.9534252266467
79.2,70.95053043139285
119.0,93.04445783432526
118.8,97.68540422492592
189.0,175.7240784221877
112.0,110.68739663056998
70.0,70.77707994672596
109.65,103.41198895276857
120.0,119.71068559579955
68.0,84.82803301402343
130.0,94.52855635225316
187.5,137.90548850234262
130.9,144.22837848150357
75.0,87.68388143778998
48.51,70.30679486642131
129.0,135.28460466732304
152.0,151.56660930003312
90.78,103.09403279007495
64.0,64.5428338582775
93.5,92.56950551486686
114.0,117.72056222630485
117.04,114.80257605130046
107.0,94.41729062386877
86.0,75.22524147299785
65.0,71.46227838258302
66.0,57.453422206935834
135.67,112.8570284971657
130.0,107.88655592062815
105.3,99.3274678369831
120.0,119.71068559579955
89.25,82.40785112529021
0.0,64.8151108296789
97.02,98.01784711196638
145.0,126.22203442514933
81.0,84.96003013047951
67.0,66.2925242964645
90.95,86.08849976187315
95.0,96.01826451652613
90.95,84.63786499977756
63.0,94.21925792402091
117.9,108.07753984322275
81.25,80.62983754744184
109.0,96.85988417638296
80.75,101.16124257732969
119.0,111.09956142355348
168.3,162.1760288493923
89.0,82.73330607553588
89.0,89.22611991115124
221.0,195.251158808544
0.0,-10.59057813489882
69.5,70.64658855316696
95.0,99.24163563949921
110.0,110.46118124782004
76.5,76.48673981235257
139.95,116.79302547404325
114.3,105.75328715566468
89.0,89.22611991115124
75.0,74.90471909665388
80.75,84.40498592760247
122.76,116.49421816271155
114.3,106.2580127385149
84.15,76.57867454507614
109.8,110.92794388984382
62.18,87.52896181132705
160.0,128.25230110031978
109.0,106.32917413525055
135.0,88.3610278913724
102.0,82.29217597699548
115.0,114.96691993421933
120.0,119.3881009007107
86.93,82.71658996417892
90.0,107.89943624291301
86.0,83.70151209093567
67.5,68.99612790166827
126.0,114.97138577999478
82.0,53.30780160961323
99.0,90.9893677715487
62.0,63.46973031177386
158.4,138.22986545272295
95.0,133.92010621005306
97.41,145.48172929619457
105.3,100.82064891352297
120.0,119.71068559579955
101.73,133.80463157532463
111.0,108.40047649992246
110.0,110.46118124782004
149.4,114.17897734724373
102.04,130.71866700511478
132.9,108.84005351287847
121.5,132.47792586050954
121.5,110.8226042357384
122.33,124.2001344253126
97.1,108.6981623622225
108.42,105.30245733581685
95.0,95.28973561157957
75.99,83.49465368629487
109.0,106.4740035975932
97.0,76.54400773920474
90.9,91.1189695944503
62.8,64.26739729579538
125.1,106.01839463754848
65.0,84.37240216321551
253.1,128.67088296289077
69.52,70.34392300621838
102.3,75.1836128718433
80.75,83.53192154659236
96.9,131.05543107644058
48.67,81.1256743754946
130.5,139.2412672259456
70.55,64.5579967530052
60.0,59.9475446862242
107.75,103.87193125655524
48.0,67.54540418907553
114.0,103.63380193465875
150.3,151.4609359209016
117.04,130.46999995448496
0.0,-26.044900481616708
149.33,137.58686764884908
96.3,99.26041326152888
62.8,64.26739729579538
94.81,128.9630876087266
58.0,54.62101557494654
64.0,74.4020657309366
90.0,89.53406407441229
96.3,101.05724812348721
60.0,59.9475446862242
105.0,114.53506198165192
191.0,178.8622747292727
90.0,99.29440937825095
90.95,96.0751025034294
60.0,67.2160102647806
95.0,99.54607934996079
60.0,59.9475446862242
80.75,81.60956547299254
104.76,106.02059524961304
130.0,127.96032094803829
93.78,89.20141942816342
80.3,83.93639626840965
207.9,226.17439709355705
67.5,56.03318454964497
79.0,75.3930445397553
109.0,121.7695616209206
153.3,159.83650903565467
95.0,96.8426157252618
77.35,86.51891371303317
95.0,97.73415781422528
104.55,108.12663293513978
74.64,89.08344351049597
90.0,91.16466766371967
99.45,87.56800919348437
129.0,108.9616946170594
118.15,126.65037640405194
135.0,140.59063263760163
75.0,70.01254342281915
72.25,92.16015060824587
134.3,133.8471338268057
120.0,99.2195527777968
115.0,115.17554695294672
115.0,111.78546306834517
151.2,153.97900037718318
85.0,79.87556030754315
132.3,122.0189639848026
85.0,102.29783396158696
68.0,76.88755595663376
55.0,71.55625412627671
130.0,129.17387660883767
81.0,81.22502724673762
81.0,94.13124714342896
90.33,84.06502837772001
72.25,84.15187868162866
75.0,45.413751506186294
80.0,74.86957794054382
79.0,81.59762602362818
130.0,129.57325017703974
139.0,120.68995586747911
85.5,106.1503059836133
140.5,91.58704112618383
1.0,65.14173135088494
128.35,127.30396127102449
82.44,91.5207012255848
114.3,100.81879838931533
94.5,92.14516596382104
152.4,132.75199558419735
90.9,92.70892504497597
60.0,72.05666651914112
121.0,115.59195918361597
134.1,137.34459147329312
113.6,103.34487098228854
88.0,89.51424323605495
89.0,88.96893205347992
68.0,71.9867229654042
65.0,84.37240216321551
89.0,101.9332274381284
70.73,91.82288499331432
96.0,89.13677145940063
75.0,75.69048451137661
110.0,110.29204902629637
134.1,113.06840600902918
135.31,118.62407793065222
146.7,146.13226480956027
100.0,99.58808286025257
67.5,67.79023288203808
110.5,114.68079774342537
71.0,77.06224246151503
98.0,100.75592429066292
94.18,89.98782905669191
120.0,119.71068559579955
118.8,111.03395737520555
77.35,78.09830924198386
166.9,174.26420729079229
88.5,69.27542971099307
142.2,137.64757562151934
80.0,75.36951318798525
62.0,76.63656046190704
110.0,116.23697237691148
61.0,65.14173135088494
106.25,114.93180968077458
129.0,110.34406807339796
89.25,89.63369681731051
73.9,67.85862482129298
77.99,80.55826531026852
106.0,95.8768103334458
89.0,88.96893205347992
132.3,123.25957975226447
85.0,89.97086229621259
72.0,76.01756931280987
87.0,85.50848859606248
67.0,65.95065229674616
117.75,115.95728061852742
56.0,78.10964673364104
85.98,76.7957549041461
73.9,69.69446809049535
120.0,120.01281708083722
74.48,77.0093669133218
199.8,172.38471168415856
75.0,76.10670252202631
101.5,104.29437347766888
89.0,88.96893205347992
76.67,75.40119460510408
99.0,121.28727869202515
153.85,167.29483271311176
93.5,89.69138527333656
106.53,120.69490003276414
101.4,107.0610799615974
84.0,65.15391290444089
90.0,93.79463350515425
93.0,83.32253484296999
138.0,123.21664394802612
38.67,67.97474524116369
116.1,98.52686192758769
110.0,107.09113324424122
112.2,102.12969212366986
113.0,107.56604586568304
246.25,204.08771555611946
149.3,130.4818068089114
113.79,108.26839426092941
85.85,79.99895695150954
150.67,123.34559946010131
125.1,98.56535740190213
149.4,124.73158605773361
71.7,95.94904517628287
128.7,122.31493728888958
65.0,42.79568475661233
91.48,105.54282567791273
115.0,115.20376504262495
123.2,114.49721378612004
104.0,98.92427059885824
70.0,72.04589121280071
139.28,128.20573455596048
102.99,101.74458666575725
186.3,174.6612585769312
110.0,110.29204902629637
85.7,75.73584028298055
90.95,82.84922653905824
57.73,61.063848892329695
87.0,72.19608762531462
75.0,98.5137644393636
146.59,155.67021171528373
122.4,122.07175282789927
90.95,90.9209860615307
139.0,138.5144075507605
101.5,104.38777194358128
120.0,110.74968114875982
77.03,93.03622313929029
49.5,31.76950312959717
89.25,85.45698652448336
99.45,101.80244348155406
81.0,79.35637324270095
127.0,115.47323987825088
91.0,91.39432511482985
105.3,93.82828224244467
88.0,85.50611687169356
67.0,89.53946537963485
110.7,116.38790134943824
82.5,88.9611930551498
109.0,104.29437347766888
60.29,74.18366070512118
113.4,96.78795004663768
81.0,72.25644369161664
93.0,83.96004259025554
80.3,73.7328051419536
72.72,87.0361741944532
162.0,165.35843413782743
108.0,110.87107667821614
120.0,119.92373897421919
115.8,91.65191731359319
105.3,112.7801253770141
134.1,146.1679082680684
168.3,151.74558522731004
95.0,127.98181090027057
101.5,104.34467192650543
80.3,71.49548206455341
99.0,101.94514202350804
115.0,115.17554695294672
133.2,129.44138961901348
143.0,117.76814008716573
130.05,128.10686066647798
79.0,81.59762602362818
79.0,62.52241814661112
120.0,120.01281708083722
80.0,97.88850158457842
85.5,114.30191063416184
86.0,75.22524147299785
79.0,85.90643142619004
88.4,75.69878211171246
108.8,103.16889923452305
88.4,79.94041832915147
140.0,97.65675207123435
159.3,141.41385212116435
224.1,139.51159738832882
95.0,119.32484620587577
80.0,80.9252563994817
107.03,124.78876251704962
85.5,113.81788542445412
136.8,128.93643002683478
126.0,114.74853799268183
105.3,103.70633381445917
136.0,97.9847088462856
108.0,109.23713686620277
72.0,86.98974170971172
75.0,75.69048451137661
0.0,94.21580513437841
90.0,106.1741493234169
115.0,115.17554695294672
81.08,99.81711390240527
72.5,68.51102882226985
155.0,137.74158831904023
109.8,119.58128910517816
68.79,86.28696048109451
120.0,116.41373243986713
95.0,104.29537610424849
107.0,94.41729062386877
75.0,85.3102758130391
137.0,146.49752954437528
80.42,87.93374358181562
139.5,116.46939438956495
167.0,130.39704096152252
96.3,78.07101947177436
159.12,127.84628082019394
96.3,96.9227304293752
122.8,117.52518096171471
89.0,88.96893205347992
90.95,82.02555021844418
88.0,71.50916362803885
95.0,88.93351523117295
80.75,107.25716755948665
207.9,220.06697260488238
175.0,150.53423799533311
75.95,68.59412367131821
56.0,60.39901816938098
78.0,77.65383642708342
93.6,86.88694710497849
70.0,76.69117837778282
101.5,104.38777194358128
100.58,84.89125242593897
95.0,119.32484620587577
148.5,117.45315975314476
96.9,90.73827319719877
126.9,122.17343218381885
130.0,129.57325017703974
75.0,74.90471909665388
159.3,155.71463905563078
90.0,91.65767543557654
65.0,93.04987072376703
99.95,113.13282591498465
87.3,82.44128251845086
97.71,112.45856119680862
93.09,111.14837919655346
102.0,101.60353203008653
120.0,119.3881009007107
85.0,91.38356627445589
109.0,98.15109373511469
89.76,109.02106263398561
76.58,88.78469953221888
110.0,108.86204299032819
160.0,156.7538181139292
108.0,98.49641154264862
110.0,110.46118124782004
108.0,110.47888447306212
68.0,106.27057578323728
100.0,101.98030240784277
103.5,101.00123277637333
90.95,87.09323640677128
150.3,148.99985707063018
135.9,133.50159280799113
98.0,94.10980244988106
87.0,81.6835682533814
90.0,107.29166211792695
108.9,111.18050748039175
126.0,116.95463950284554
164.0,156.37581895325712
104.4,82.61628439698599
159.0,124.7373674936029
68.0,68.7251500879479
67.68,88.6444011645506
55.63,60.9875478213455
105.3,101.6388870884587
109.0,104.34467192650543
90.0,112.94241048602669
96.3,94.30035217150893
142.07,112.81352898669509
96.3,97.67054010050242
137.7,136.74138232770096
117.0,114.78939989501158
80.3,77.91084024656163
95.0,117.2840506129633
109.25,92.35949179296956
101.5,104.34467192650543
89.25,94.43485837030339
110.46,143.7672329448717
93.6,79.33169884177755
149.4,104.07667106533896
104.55,99.50701749561125
83.5,89.6352343241746
149.4,124.52051992071566
118.8,109.6557056267978
185.0,185.1117632029301
104.67,76.60098087990589
106.2,95.2347003844873
115.0,114.92233423806834
89.14,88.53036901286589
92.7,95.30167172202447
90.9,90.14580384605956
64.37,89.13677145940063
99.45,102.21456830210161
81.9,80.44728591992299
129.0,86.39422771391321
96.3,75.02685242156828
90.0,66.59484371298768
75.0,78.24501337746722
160.0,127.50071472856311
57.0,69.09195408733918
120.0,119.92373897421919
65.0,62.149709043234445
80.0,74.86957794054382
140.0,130.2139686329257
74.15,86.17174181970995
98.94,99.81857420420683
117.45,121.44661554589172
90.0,99.1057932779232
78.3,74.45751471699937
132.6,122.04127618389873
80.75,109.58096882000828
130.0,129.57325017703974
153.18,140.42022685966677
72.25,77.01296827949807
108.0,66.10729907865858
91.0,87.49141708022262
89.25,91.2208653909923
67.5,74.06101117210369
107.1,125.98169679345675
75.95,65.73274260946413
101.0,98.94092065224885
76.67,75.40119460510408
64.33,49.24403137662608
80.0,80.08492210787492
168.3,150.2619507381371
70.0,112.87803491074622
80.1,93.23632156509922
130.0,128.29092619617526
68.0,88.27169591165712
122.4,114.28818301783562
79.05,78.08893666672381
131.2,105.78422954158802
81.55,110.1188245602894
79.2,94.34273141493475
160.0,128.76094701089826
95.0,90.29089744486389
109.0,104.38777194358128
118.0,113.24889524426081
60.0,59.9475446862242
99.9,114.34417897362187
126.9,112.22474753054388
98.8,100.72427623073968
124.46,114.41888452172255
79.5,89.82776000416915
90.0,96.92336365412714
95.4,87.20482272977517
78.2,80.01111086333185
75.0,101.1906871992938
152.84,125.08003927000578
37.5,58.47223989577948
65.0,64.50780101285972
115.0,114.8945899858475
97.2,119.89633732009716
60.29,65.81033766816847
112.5,107.83644180188418
85.0,59.03769256007993
97.0,105.27279356962636
85.0,84.51037668101667
77.03,96.17083945944044
70.0,75.05116109631113
85.5,100.5592993934297
81.26,94.79783908141098
80.75,106.34286802285322
168.3,164.42231585099842
103.67,82.51746759519526
113.7,113.68638578349584
173.25,125.71128435276626
97.0,73.5471078268228
65.0,66.99613533740569
148.5,128.19456723471285
106.25,109.69989014550677
148.0,146.2368411636154
90.95,115.2749822285513
130.05,115.04420598158607
140.0,124.28421669480201
95.0,79.0597567865025
135.0,123.88767861722292
116.1,100.26833593719572
86.82,92.12341105594804
90.9,91.1189695944503
95.0,93.51239857355753
120.0,129.80070329243995
115.0,114.78988943790822
110.0,110.46118124782004
153.0,151.09426163558612
157.28,158.5059413869476
118.2,113.13823550000843
65.0,64.62923920150297
149.4,127.53174587217474
80.75,88.89248378384379
90.0,102.15473499690584
118.25,99.34812184116448
90.0,90.3363090948026
67.0,73.11622623103878
76.5,88.4625401402626
65.0,49.71864778601739
90.9,88.06941191728492
65.67,86.35094417430639
66.0,69.40320922100457
117.0,113.39554585191694
84.57,74.84958888936379
120.0,120.01281708083722
216.9,221.20043636077884
65.0,58.75805378426222
156.6,195.10139121492838
72.0,73.3612681713959
75.0,76.10670252202631
62.0,64.5428338582775
91.0,87.14780682710254
96.3,95.48917091557699
79.2,79.81314665828926
98.0,104.58546399833881
79.2,81.5131032734638
147.67,122.26638355962933
63.75,81.34337376761749
120.0,119.71068559579955
130.05,126.7500603806197
89.0,89.22611991115124
88.0,83.56125457873483
118.8,98.78337457736583
77.35,87.22935972571068
149.4,135.73330556870718
109.0,93.33271712256855
95.0,114.62869969867803
124.25,135.70759661429025
89.0,95.12625070986445
108.42,106.22515005411532
146.7,127.33862183641564
149.0,145.4561067297285
75.0,76.84349048696896
135.0,59.93734581526021
228.0,202.98444679563448
146.7,140.29161646452818
109.0,104.29437347766888
89.0,89.22611991115124
119.0,95.7910859203704
118.8,117.2212051826915
96.3,99.2645161834575
72.75,114.7718047278397
75.0,87.00289653783031
71.9,86.56973139354227
64.56,74.13083689528382
96.3,89.13216802111788
76.0,59.73988023657047
113.4,121.86531510077927
93.2,105.94645851867735
125.1,127.91172318109918
106.2,107.48610431084364
95.0,96.01826451652613
60.0,59.9475446862242
140.4,120.231945042588
105.4,152.75705957305453
95.0,75.00401778337927
81.47,105.98849562009993
96.3,92.54945274308307
141.0,132.32974478626318
87.0,85.84662918582517
88.0,81.47622509268126
108.0,123.44930780780308
94.86,82.61939868512559
65.0,64.62923920150297
132.0,114.7977125853824
87.0,77.83319202844925
176.0,135.25332085563187
79.0,81.59762602362818
85.0,85.43776470922545
126.0,108.96918505740341
80.75,82.88012481376666
108.8,113.35362121153062
76.5,75.94234116357487
116.1,109.9962222447029
150.0,114.75864070448026
118.8,97.68540422492592
82.0,88.16693141680445
101.5,104.38777194358128
94.67,91.30572731535268
65.0,65.00710457899373
85.0,83.27918774976492
176.0,123.40516697361622
12.0,71.93404180390269
120.0,108.39660235263185
89.0,88.96893205347992
95.0,96.02792175864036
95.0,133.92010621005306
201.0,215.56794375527627
149.4,131.92078650491254
90.1,91.84268639014644
120.0,120.01281708083722
113.05,105.61477818845663
100.0,90.49782109696275
87.0,85.50848859606248
101.0,73.28172226977622
73.95,73.55680897247854
104.42,62.56373981623439
142.2,146.60164558174648
70.0,110.36224065861659
74.89,70.36781803314153
120.0,119.94227494973028
105.61,127.42248624539788
99.45,89.85202667845543
102.0,85.14987411641994
167.4,134.64751733331045
102.1,120.40830062778066
90.9,95.54673291967404
73.95,58.49551467556346
85.5,109.85358240946026
72.25,126.61229357121894
129.0,137.5238943655299
109.0,104.38777194358128
72.25,107.7780208595019
80.75,110.9970246747189
103.7,108.14440897468657
52.0,51.48635249543375
65.0,110.57377190563469
130.5,107.80305827009762
151.4,110.88900639739516
85.0,81.51444584405604
90.95,97.02398689901793
65.0,65.09205954849963
100.0,107.0192885285057
140.4,134.71110450081164
129.6,125.83816412309639
88.5,95.18403381571207
87.3,78.60360357432758
95.0,94.42224136941262
65.0,95.82805688666973
100.0,99.58808286025257
90.0,84.9123156506611
79.0,72.12717330587238
136.43,115.92496584535728
171.72,147.12447876408388
120.8,104.87322281510436
134.3,121.00924632379147
100.0,100.15122973802818
109.65,108.81220836550128
134.75,142.90661461328105
65.0,64.19141078315401
81.31,113.72686916134184
120.0,105.36193727304752
117.0,106.92050401614048
150.3,154.16048016250573
98.1,102.72053889118081
98.62,99.36858911627063
134.1,145.42261973556765
101.15,106.99727882201144
95.0,95.28973561157957
105.0,108.39660235263185
115.68,120.84246239857643
99.45,96.46779079556691
75.0,82.08161923939795
137.7,130.64270065909568
99.88,99.80626131464957
0.0,37.58412493013641
167.8,152.81790027613755
107.0,94.41729062386877
95.0,118.67722772689744
152.0,151.56660930003312
149.0,139.93991150082942
100.0,98.87045522554386
114.75,125.69858248261455
141.0,100.60507078583849
112.5,111.96543909502505
109.0,104.34467192650543
67.5,65.97794090667082
94.5,100.57611861711541
133.8,143.68498671972014
183.1,132.9168622146891
118.15,110.22269522245725
167.45,170.55992039459585
101.0,88.56332621881354
73.1,83.29561462895511
121.37,96.75515669349755
109.0,105.28415443881035
132.3,117.00438522432128
85.0,55.53057416494494
60.83,88.43098114729247
94.72,158.19301485928966
38.67,75.82130036520846
166.58,155.8920103303983
146.0,100.68704060461174
75.0,117.069817477984
115.0,114.8945899858475
120.0,119.3881009007107
86.0,83.34989203050463
62.0,61.79194499803886
107.0,84.28764756715256
105.0,101.15049720318837
95.0,131.27711791932126
132.0,161.34932470358905
105.3,105.98321680825214
90.0,87.67539540100992
71.0,92.90962511313951
66.42,100.72977961472867
80.0,83.37176792029118
120.0,110.74968114875982
159.0,135.29461542172635
260.4,201.638527427806
55.0,70.77625003708866
126.0,108.06980929152036
0.0,77.88308221804803
153.0,140.03304840736388
137.7,139.06358539585534
108.0,103.13923954737739
137.0,116.77935084755477
74.69,34.17245216255988
112.2,108.7783492116714
135.9,125.11945484647802
113.67,103.02547253068968
85.5,95.7701124173215
103.62,111.38176137198575
98.0,93.33271712256855
79.0,83.60365541736462
117.0,124.76990583153761
100.0,101.98030240784277
80.0,83.69841022148613
115.0,114.92233423806834
134.1,128.64387020857055
88.0,89.52442011320689
81.0,95.3004723779926
95.0,96.5212807262695
111.75,112.4273966418845
128.0,125.71298338145347
126.0,135.0147286291879
150.3,139.7654367217654
88.6,109.69847931395142
171.13,175.28550976675027
137.7,132.9229592035179
72.25,88.62526226640912
89.46,94.84150440903433
154.8,150.6561738370253
158.4,154.44044780136124
88.4,84.66036328999267
80.0,81.17660667661393
131.4,141.71922967980987
120.0,123.1461765989921
86.4,85.89717040817794
52.02,69.01005601457067
103.0,109.8035725472293
119.0,138.3288053496822
86.78,90.4003066827118
134.0,136.17840020146076
110.99,108.58318594714797
140.0,114.21227604454934
62.8,64.26739729579538
189.9,213.48766550676595
104.0,102.46910885814718
130.0,131.12917604775942
84.33,77.09351649940076
75.2,82.60428402812106
95.4,103.70860819145356
74.93,84.45107463569138
173.8,156.80314073916227
110.0,125.67812633500198
116.1,114.80578586709727
85.5,104.36312620209272
125.0,103.98156221251608
109.7,139.3980166497704
104.5,63.06833977843292
78.0,75.3181831309242
177.0,164.95490992544617
181.19,181.64770370949705
95.0,95.28973561157957
126.67,128.55384066239696
115.0,114.8945899858475
95.82,111.56492461987524
106.14,86.57802316899729
95.0,96.02792175864036
78.0,76.56098637429538
75.0,76.10670252202631
94.5,106.77259739549471
100.0,99.84215656132484
52.0,53.15059630639831
95.0,95.28973561157957
105.3,90.12189123944368
89.25,80.34344017738496
106.0,98.85193662458087
95.0,96.01826451652613
141.67,165.20573625062661
144.5,140.8237877633495
120.0,119.92373897421919
71.33,123.0026346071004
92.9,85.58905445631082
100.75,98.57150430547493
90.0,95.01267480682594
134.25,81.54357070564834
78.3,75.01787370553076
159.0,139.7191072819251
78.5,70.2066308912654
75.0,75.69048451137661
78.3,70.1023470372601
97.0,74.18114271184133
154.0,125.9313977370468
62.0,62.39242420924444
80.0,81.3707885354162
86.7,73.93329026169906
0.0,17.7854862911109
68.69,82.35659960001134
111.6,106.29556915151963
67.5,72.30879342054926
112.0,109.23570880757589
77.86,75.10653783172161
126.0,78.21011264657315
117.3,92.34856475556687
78.65,87.17740455355664
187.0,154.11341120313517
66.0,72.87365958723672
89.25,85.38333237359433
76.5,83.64837193026769
116.1,117.7570875738287
100.0,98.55844519035311
113.0,134.2102256286312
112.0,123.9843688688927
85.0,83.27918774976492
130.92,111.66196734988425
125.0,122.149084947472
161.5,129.8459947070967
88.0,73.06317757504316
104.21,107.15143221865996
62.8,64.26739729579538
72.24,76.48442195313541
89.4,91.12216332610478
94.5,92.07397229436279
80.0,98.11803337236854
90.0,81.889394973008
100.0,99.62706107399343
80.0,96.5212807262695
89.0,88.96893205347992
133.0,105.44020106617681
79.2,92.06944266020365
118.15,101.79357700988048
80.75,104.33720351567334
72.25,94.81837798103123
109.0,104.34467192650543
100.0,99.58808286025257
120.0,115.78841022580676
85.5,91.74913000623148
76.5,77.45765955912748
76.0,74.87711130900252
80.0,73.4248636597771
94.5,87.4896607785034
79.5,89.82776000416915
139.95,127.14323921964046
114.3,106.69773946157801
110.0,108.86204299032819
110.0,130.19510944185294
77.86,76.55300824919098
79.2,84.67582390175968
168.3,157.7275956202586
127.5,116.9281399579163
80.75,100.19783657371858
153.5,159.12162603539002
126.0,126.60172161989442
91.0,84.5675697157466
117.0,96.27541581280795
72.25,66.8361194877348
99.63,80.57665834202349
43.43,57.70342931503919
137.67,101.4011030569652
84.0,92.64786492399654
140.43,104.11833581280412
120.0,119.92373897421919
95.0,95.28973561157957
105.0,104.81278849404495
86.63,109.61205654399808
72.1,79.1630238370514
124.0,121.65672154261469
105.0,104.81278849404495
126.0,93.23666513163963
89.0,85.51531557158711
121.35,123.96880336495836
79.2,80.52909801051878
91.0,72.20931767850321
90.0,79.79574279013036
115.03,120.72134840811754
87.5,84.19030067146868
118.8,113.75118588167803
65.0,77.83606474769209
110.0,110.50353125572697
60.0,62.64531423792158
65.0,88.0993421173549
105.0,120.09255861467912
85.0,83.27918774976492
140.0,141.9340831270957
165.67,174.0508799409453
86.9,98.9263528081699
88.0,96.80972648678514
95.0,95.28973561157957
79.5,81.24657448602875
140.4,134.88692344059695
100.0,125.7489614624262
70.0,70.77707994672596
130.05,133.97313236585705
178.2,196.00114283041233
99.75,78.6020574293394
118.0,82.81058463688572
79.2,102.42489631723076
86.0,87.60322284395725
65.0,85.21933056553263
95.0,96.5212807262695
59.5,31.143050220835903
115.0,114.16344308764174
65.0,62.254475916343154
135.9,135.6951768991026
152.0,151.56660930003312
94.91,114.34494824072533
120.0,120.01281708083722
64.68,99.12195507008795
155.0,117.77807423300071
110.24,78.8780264320724
107.1,101.82988693754575
63.75,106.91752177264038
160.0,141.5819705950043
89.0,102.3331641523311
117.0,114.26877934305038
71.55,71.00166703622727
89.0,81.1052973641074
98.4,103.92647893798895
90.95,89.56520549379923
99.9,105.0005686499663
84.7,94.00693218641922
90.0,80.16039081286897
88.0,86.33145351365124
105.0,104.81278849404495
115.0,114.92233423806834
0.0,147.2913699657089
135.9,127.21261517218613
71.6,84.8306717785018
215.0,145.01851653144058
87.0,61.78047769415371
0.0,10.168697610904971
120.0,131.21706744002145
65.0,60.34956749882823
88.0,90.32988649710269
81.0,76.67791613876176
95.0,134.0594202415962
100.0,96.95517040838793
139.0,124.39264825169194
185.0,185.1117632029301
86.78,116.63798756949066
0.0,70.3506318122291
75.0,76.10670252202631
85.0,86.0893851764832
90.95,111.65677799189038
90.65,93.3775175342539
90.0,84.9123156506611
62.8,64.26739729579538
86.62,89.98006249394902
126.0,114.74853799268183
96.3,89.44297691339457
105.4,125.48906436076669
0.0,138.8972400869917
90.0,89.90436132041135
97.93,77.03748646402887
115.0,114.96691993421933
103.5,104.18780466626158
93.6,93.7630620088127
67.0,70.49955523706501
104.72,116.2245964249077
130.0,99.29919504319476
101.18,109.6406515319448
69.76,100.15259869329952
113.79,103.21198751508534
79.0,87.96986407950303
111.6,83.64518074970272
110.0,103.23143722350294
125.0,114.48120687463444
130.0,96.95249250398253
105.3,103.75908247485924
48.67,68.65982701283929
73.88,78.87725368319782
140.4,122.90450161309484
117.3,96.6468009022739
132.39,105.24820036675442
114.3,111.1999375072122
95.0,122.24103934330435
90.95,100.10349226379509
106.0,84.13575578193422
137.7,137.06701010436973
85.0,89.83213958706675
75.0,73.70499449053806
95.0,96.02792175864036
213.0,160.60338194587817
81.3,78.21303924586333
142.67,130.86260630794123
123.3,110.91439116298984
168.3,156.7847073025591
96.33,126.84086075917244
92.58,92.65424502252482
93.0,77.67415914557215
108.3,96.33551495384017
123.5,123.86551568684798
85.67,79.11859847197876
118.8,115.8968006544088
89.25,87.88724422517147
130.05,128.841551523735
77.88,105.34636131050337
137.7,126.70302897340667
85.0,99.60337389685657
106.0,88.09982946990813
100.0,99.58808286025257
130.0,129.17387660883767
137.0,132.43816863379504
136.08,92.32908155302722
122.84,110.83344916292339
66.0,79.31569894379349
113.14,127.46014200107305
106.0,116.18391446388392
90.0,95.56864863075972
70.0,70.7295336326793
109.8,110.38603775535817
148.0,126.56360963539007
72.25,82.43703205801026
81.5,58.426468666354246
99.45,93.20018943200417
96.3,118.21310115217189
94.5,91.30195088530861
101.5,104.29437347766888
120.7,86.70092278559076
108.0,107.72575510861044
85.0,97.55450010917941
214.75,218.30898119836593
81.5,77.74946085875408
90.65,86.80626641871918
96.3,97.74064623491056
80.0,83.21420268278666
151.2,157.5549146069159
85.0,95.87117582822171
68.53,91.21094517051704
124.0,73.81215605274983
89.25,81.35160019056124
162.79,159.00685317880146
89.0,75.53078599362273
151.2,145.2122303214211
119.0,115.31029250870395
119.0,89.65223667761501
110.0,105.55328947338943
149.4,129.14886232531717
74.0,68.40920711982153
71.0,110.77046401989774
126.0,119.6611564854931
91.38,105.24126972616261
154.0,123.74637599713878
156.0,122.5330379269581
141.3,134.66167030546532
116.55,144.55873185226824
80.75,104.88395602832897
100.8,88.0244116140863
90.0,90.09232040742167
93.56,101.37988585070579
135.9,112.70346751940329
114.3,107.68142274729313
87.0,73.17027836658889
156.0,109.95807752315699
99.0,114.9417139391748
76.76,80.12997043519017
121.98,105.82902147825183
106.25,107.00076269292164
60.0,61.29205524421352
147.3,168.79529133981765
105.3,105.26192974098117
90.0,88.74108244391894
107.95,107.91256242171234
108.0,106.47617799743347
98.0,98.40575597751253
120.0,119.3881009007107
88.4,82.73820812575592
156.0,162.85045848319515
90.0,90.44013290508418
79.2,77.22471348346362
80.0,74.86957794054382
109.75,99.24067110119015
65.0,49.89208572340451
143.1,144.44675250508493
67.5,90.46196091404168
90.0,93.26045125092423
140.0,142.63485988888334
152.0,126.02587129668787
98.98,99.65198504473005
71.28,77.68640119784897
110.0,110.50353125572697
104.0,126.24376112984822
76.93,77.79432892374716
95.0,85.76396719591557
143.1,138.08486970699698
67.5,69.05051784047583
94.5,104.10997870371958
70.0,74.8602755202015
119.85,105.9784315514036
65.0,72.03897851172769
85.5,82.2533847909744
85.0,79.87556030754315
80.7,42.352496627771266
75.0,77.65959771307776
89.0,88.96893205347992
71.0,75.36951318798525
136.8,110.63372901345812
93.0,94.7298731398375
186.3,200.64466142252996
176.0,107.83977213163648
102.41,131.64428688416737
105.3,103.88192022203049
96.3,98.92521809409068
80.0,85.84662918582517
63.75,76.67554900943868
89.0,91.21094517051704
140.4,120.7791253272558
87.0,80.34486719014708
89.0,105.1188966715434
78.3,75.89705559352132
65.0,81.21321591960107
87.54,87.79314970412597
233.1,211.5555545241864
131.0,92.44166425629156
73.15,86.85115316440577
136.0,157.5931242564181
150.0,106.81028806964834
114.0,108.61831462227913
80.75,104.48826396878592
90.0,87.67539540100992
121.5,121.066158107191
72.25,79.37951087435005
96.3,95.19964022967923
89.0,108.07538878268797
79.0,104.08085613890113
118.8,99.03001316214974
169.0,171.17045610226444
109.0,104.38777194358128
73.95,77.8504693950185
121.5,145.11906772512592
0.0,66.9669039045738
96.9,130.6145667904816
148.13,104.12407244695514
112.5,117.89095636680776
99.9,97.64416442386364
105.3,105.64856349914288
134.1,151.8240483527705
123.0,113.80525506282994
95.0,110.00878370001561
142.2,134.34443461455803
72.0,72.76251076960794
101.5,104.34467192650543
167.0,207.25629822815205
122.4,122.23624044328507
130.5,139.12064113474915
110.11,135.14060868319686
107.1,119.68005871693086
85.5,111.74802751494231
110.0,110.03887696688096
90.3,81.24657448602875
137.7,135.72131481119357
65.0,91.34949131306924
88.2,84.97309859926318
87.0,69.76875305591338
111.78,95.85776179427032
70.0,74.64779402229965
139.0,123.5164716376451
119.0,117.74183929879287
106.68,96.69712011232399
123.25,115.74397365640584
117.9,110.53837223548223
0.0,119.12562982382252
79.65,79.99490688950995
105.3,111.93868117210607
70.0,87.08695727609926
110.0,166.3573610240767
143.0,145.97924694025676
135.9,122.88036954077889
116.0,109.05560787193056
75.0,73.27477488411711
86.7,91.13474992736474
107.95,100.65890144767856
129.0,104.64921722713274
104.4,89.99539979583336
94.5,98.09540313827013
115.0,115.17554695294672
126.9,130.46269350782998
94.5,92.6226406922011
71.1,89.04593927249857
129.6,110.83872934999592
178.2,172.2060437102686
114.9,107.1709533489556
72.25,85.38229683720282
103.5,104.72669329809624
95.0,94.42224136941262
0.0,-4.107767361761347
132.0,131.30618056988067
74.8,68.47257389017152
78.25,105.48676976128834
131.4,99.20941475849924
104.85,103.21302248239391
77.29,95.88770473690369
75.0,77.5653315748828
135.9,131.17794716209346
76.5,73.39273257423324
115.0,115.17554695294672
116.1,108.87357162639088
70.0,76.36360824764165
75.0,79.281835370884
86.25,76.59909542915682
170.1,152.27841825368031
58.0,90.08308207536518
90.0,92.31628641723472
80.75,99.85984619990411
96.3,90.99187072040138
63.11,95.12154393931839
80.3,70.09112657886168
164.5,135.93027072151932
97.75,101.33872233262882
99.0,94.62198757622423
136.0,127.47605884148102
106.5,100.06317974065823
73.95,77.07082830289337
95.0,97.34607833516388
140.0,130.2139686329257
105.75,125.36260667402908
119.0,125.41116170958158
116.1,118.48174856667585
117.9,106.86499645749161
110.19,115.32081773138923
96.0,111.91048472006642
98.55,117.4078400099215
108.72,107.45169008502565
88.0,81.08566483114305
108.0,97.92936203879765
109.0,104.29437347766888
110.0,110.29204902629637
100.0,98.55844519035311
60.0,74.87711130900252
170.4,162.047638265226
78.0,76.95428640836997
126.9,115.67727803803092
142.2,150.48793985304894
89.25,94.7968435621036
80.3,78.02065840972267
120.6,104.18220220712824
118.15,151.23307976420432
126.0,97.9535284504336
146.7,124.1831489837709
82.45,64.04348696437647
128.7,126.3925936517282
96.3,95.09670984732469
106.92,109.00332890267177
194.4,136.65492757310673
159.0,156.28195593694335
95.0,103.25781419164096
93.6,83.87651195614693
120.0,115.8712927176563
81.0,98.00372254324157
132.3,118.85076349140775
101.5,104.29437347766888
90.67,85.37739912012401
189.5,141.85670068472686
52.0,53.15059630639831
75.0,73.02197847566772
92.67,86.40813371450524
80.0,63.78244831259199
98.39,88.40823084845223
72.25,64.6606691232062
48.0,67.54540418907553
117.67,111.49553798967231
103.5,104.72669329809624
180.9,190.20199914597984
89.0,88.96893205347992
85.0,108.70619412651273
137.0,145.73997213745716
145.0,90.32142152001363
120.0,119.94227494973028
131.4,100.65395134616455
95.94,112.87526580769506
95.0,95.28973561157957
74.8,84.62502751373883
158.95,124.36502311004006
164.0,140.83994333570067
85.6,125.13285662648003
130.0,91.51864306295822
93.6,81.06687307533886
100.3,94.15352354127819
75.0,76.10670252202631
121.33,98.82818253634768
66.99,72.27620681361603
130.0,122.61363677658449
131.0,85.55962285166524
89.75,99.16037472781665
52.0,54.31593241392237
145.2,139.46874592222005
166.0,166.20575777241584
90.0,92.19010741782517
138.57,149.00246631025257
90.0,89.47741872831024
149.0,124.12968476452788
109.0,104.29437347766888
94.86,112.56391402671815
127.22,108.24844146006349
85.67,79.11859847197876
131.4,109.17284473532133
99.71,105.50319041000712
72.75,75.22524147299785
118.8,135.78020668453263
130.0,115.76250813371686
118.06,103.20270148558411
149.0,140.18586335894682
130.0,128.29092619617526
109.8,94.77584283289048
173.0,182.43192494973815
103.5,99.0831944022461
115.5,108.79143389865487
80.75,121.14715751989394
115.0,114.45028726238519
120.0,112.28046878535353
52.0,76.70270491139928
100.0,95.22862532109069
75.0,78.50236729449732
75.0,77.93240124758402
126.69,138.93849224010853
132.8,126.37039609415874
80.1,93.43293153814881
97.71,118.51333589602635
0.0,113.21655104811317
120.0,118.55238191792539
80.0,79.89896829344363
149.85,142.79457079201418
72.25,70.3510393569662
90.0,97.40293307517517
89.0,80.03427343382484
149.4,138.11152771818652
121.5,133.47717254202067
105.3,100.2498870072713
79.0,89.44364531244779
83.03,96.55916636514735
95.2,95.56073324378507
114.0,108.61831462227913
64.0,64.5428338582775
115.6,147.42112366483735
94.5,95.92022440219928
116.0,109.05560787193056
75.0,113.26897192189722
131.47,131.25703892431022
132.0,89.33527900334772
95.0,98.82936474493391
73.74,75.51981432690144
105.3,98.924919128941
105.0,91.68941461201852
100.0,99.58808286025257
79.2,93.70754891004364
149.0,114.28020074767707
110.46,131.63140941078183
128.7,129.89823608681994
154.0,153.2366501904313
65.0,64.50780101285972
104.4,96.76814535129638
130.0,129.17387660883767
121.0,115.59195918361597
0.0,6.3344651425315135
109.8,113.86927240690578
83.73,75.99447061069856
129.73,136.24865292914293
111.0,108.20239609318531
124.0,118.19089227552001
110.77,71.55514888407882
76.5,74.47687835773984
207.9,198.31605468102998
95.0,63.57645449115914
100.3,93.62534706123651
104.55,90.42656016442658
90.0,90.99078354436546
97.0,74.77073398672148
130.0,123.10545013455359
79.2,80.70727425947521
100.3,97.77095174667008
123.3,117.27350455673412
168.63,167.7854478648753
116.28,102.49731192684386
98.1,115.1829814048043
91.0,87.49141708022262
87.0,71.80547399093454
143.1,149.72911009754088
80.75,99.59528499377026
45.0,67.20491045725768
87.3,67.75587347928372
70.0,70.090797945584
80.0,88.4072020788267
80.67,77.67415914557215
92.17,108.22234520690158
130.0,128.29092619617526
65.0,76.18220071977524
76.5,93.17180263646179
120.0,119.71068559579955
118.8,108.9841725938985
83.55,123.1563306656777
136.0,112.87316726686022
65.0,40.27851001000336
89.0,82.07321414113318
101.0,105.63821806457707
126.0,132.55694308730074
134.1,146.00014971445881
110.0,110.46118124782004
76.5,120.42807008436202
70.04,100.3710546616098
132.0,108.27378342399393
76.67,75.40119460510408
89.25,92.5267111837239
130.0,122.53393067044657
78.0,83.70670734281265
105.3,89.9190901047364
65.0,80.95759711733061
132.24,113.72081379536168
65.0,79.37464039966261
76.0,84.7008298994162
177.3,179.2994393008929
76.5,72.34327547603392
128.0,133.08552547265685
146.0,153.44111752179913
135.9,145.09380195018045
76.1,91.95342041601046
135.0,140.0537107445121
141.56,152.24036382797985
183.3,174.54960589831563
75.0,75.69048451137661
138.5,128.78118554119192
72.24,76.48442195313541
126.0,117.7618451796494
99.1,123.62006283417347
103.0,89.34977875730605
116.0,127.19170264276083
96.3,91.59148866124983
138.54,119.40884576100804
65.0,66.33487338145247
105.3,90.32002560213851
108.67,86.40813371450524
99.0,98.96965834362251
95.0,124.12747499812083
65.66,69.52960524924633
115.0,114.78988943790822
83.93,101.2683323676487
196.07,170.22868640341466
141.5,122.48559873348098
72.25,69.75181435279885
80.0,180.79166079569438
80.75,66.00027065344864
125.1,115.69936382022573
100.2,95.53876444579483
108.0,107.72575510861044
97.0,83.78945764399639
120.0,120.01281708083722
76.5,68.29361252386111
94.5,91.90628301421255
78.81,83.82987561973363
72.25,85.87554436304545
147.0,167.67951071205073
135.9,123.24031660706834
117.0,76.19069172004596
75.0,78.79246642865733
106.0,104.638991916321
138.71,125.88826553811995
55.33,74.86957794054382
200.33,130.51835886886633
115.0,114.75740331075455
110.0,110.46118124782004
96.3,95.12926018745492
40.67,77.21967214579901
235.33,211.98632474599964
79.2,122.04159490794858
65.54,77.26441751319244
115.0,112.44415540208169
159.3,151.37796711397414
100.0,78.6991221288241
94.5,76.85146244537886
204.0,208.64517615225427
60.0,58.41828031379893
117.0,93.62442709757084
76.0,88.90673735119933
58.0,63.261683550649664
116.1,112.69272196185261
46.67,76.78423612093894
176.0,168.79320756510714
90.0,93.00887804196236
72.0,76.09791789783793
80.0,75.00551236419162
179.38,112.95774981435208
89.93,93.19428733562745
86.35,102.6765070420799
89.0,95.20276736806252
120.0,121.99998333520358
115.67,148.53882116603776
88.5,93.24593258589945
150.57,167.95616992752045
109.0,107.84498067008862
140.0,115.94266029225528
67.5,64.25668628498576
149.15,150.7104038806247
80.75,137.98430277324445
117.45,122.70324650058248
80.0,83.21420268278666
121.0,93.10137885854571
72.07,103.37156154407761
99.9,98.27634379382931
131.4,118.53338760374402
127.5,117.70818239925123
112.5,141.08845573039306
100.0,99.35207807770583
131.08,131.3013369722206
80.75,106.6430459720771
94.5,99.72403070722578
159.33,135.66733955267077
100.0,93.25916280114019
89.0,99.44886373791763
100.3,93.57975955284532
113.85,107.44819052625076
109.28,126.54317987602477
182.34,196.96714443387515
132.33,154.1615966231073
135.9,142.277697192952
56.0,60.67763530359672
144.0,86.88086451157662
127.38,130.12057570027724
77.44,93.4748222588282
65.0,64.50780101285972
91.73,94.78891123374432
64.67,79.05441083784719
90.95,85.38573620122939
230.0,168.06132494862368
95.0,95.28973561157957
98.6,96.73845149850389
177.0,138.62912898444836
65.0,65.00710457899373
100.0,93.86249940435718
132.3,133.80866565095863
0.0,72.9534252266467
93.55,107.3688941912118
114.75,117.38386713607613
191.5,202.5888360759676
94.0,117.4644530369095
98.1,95.98552831559738
122.0,104.65542702375146
89.0,101.49528440544113
149.0,104.4680266557525
90.9,90.30920004345083
73.0,72.9534252266467
80.75,79.29932633165006
105.0,115.5820923817337
69.3,83.99980365161028
70.0,72.84074541161282
75.0,89.57182927188131
73.46,88.39144304098245
86.36,106.07880829611324
140.0,130.2139686329257
85.5,82.33636093848764
80.75,91.03781649799143
51.0,73.0031721963309
134.1,133.48233620624373
88.63,66.43104804486849
65.1,96.04105141879833
75.0,98.96965834362251
78.0,46.66241005888963
149.4,96.63889154977886
109.34,98.85483964898856
87.32,93.10462466411137
80.75,84.40498592760247
105.64,133.9567516719424
123.3,124.54077588270468
91.0,98.26294020945106
123.75,139.4004143257485
85.5,118.22376528822485
163.8,164.75570383040812
90.0,90.09232040742167
96.0,107.03171591293672
86.75,59.2944075643325
110.0,125.49897874705499
79.0,68.91992164774227
72.25,69.48292552762047
181.0,211.6988166068533
137.7,140.22842500119862
131.4,123.62238788401515
108.57,128.21941661143313
106.07,127.81978793910866
152.1,148.40237243294226
0.0,89.15736852176863
65.0,60.92482377329275
141.3,147.70705312673732
95.0,93.59611148328723
76.5,75.28777761560879
90.0,91.16466766371967
58.3,68.11784163355918
103.5,105.18946319429418
156.0,126.18007131772275
94.5,94.00039251440131
129.0,86.39422771391321
97.0,84.63148959962535
121.2,119.11292133952294
72.5,68.11742090789002
182.0,193.3660149304788
87.0,72.19608762531462
86.5,99.16317867249253
80.75,112.57834279683861
159.3,153.0931572628024
59.0,63.60722856376428
88.5,98.0989962113099
115.0,115.20376504262495
140.4,109.70070360821836
68.0,49.83944086051766
150.3,151.40439309258912
0.0,18.31989762693911
99.45,94.48510820980879
110.1,89.32467862587478
95.0,101.03550157301574
91.0,99.67007800189225
94.5,93.44289676730217
80.0,81.3707885354162
77.78,77.12993356402195
95.0,99.7163632634206
115.5,98.20217427935165
127.93,107.71169083424388
0.0,101.22832755094441
90.0,109.56315513320772
120.0,120.01281708083722
61.56,85.24040903448805
109.0,104.29437347766888
139.5,134.66748566976563
95.0,97.73415781422528
62.8,70.99594113046871
48.33,78.66599791552211
90.95,85.13247859706895
76.5,71.92028979765365
142.2,142.82586709125516
130.0,128.29092619617526
129.0,46.33343184099203
75.6,97.19900464992566
75.0,83.99114769402176
110.0,108.86204299032819
85.32,104.12760138373858
109.0,106.86935277930857
103.05,93.24893286077727
59.95,76.5857391912408
131.0,85.35169215380381
138.55,120.6620082305969
70.0,74.64779402229965
167.4,166.0469600527583
76.0,65.14173135088494
83.92,93.86463356180488
115.0,114.34990593689051
126.77,105.75233819312976
79.77,87.53028571881349
110.0,110.29204902629637
99.0,80.76346935106875
109.0,104.38777194358128
115.0,115.20376504262495
113.4,108.94570955037256
90.0,91.22978029583918
89.25,92.63003005768367
86.75,74.0630956705032
187.0,169.9420458371721
117.3,112.12916897655502
135.9,111.69499645769204
139.5,131.98177227007352
109.29,133.4879072175697
120.15,115.40669405588692
95.4,84.97521204412186
160.0,150.7401271276271
65.0,51.825042087229235
112.01,107.39377034098568
81.0,87.40324530960197
130.0,129.57325017703974
89.0,89.22611991115124
82.13,112.0411135783459
75.0,78.79246642865733
120.0,122.70148179983882
79.2,84.56148181362354
115.5,109.03831912150997
119.0,127.73982532482715
143.7,131.78861591400724
94.5,90.26329499717644
90.67,93.35584461220277
110.0,101.25145976133861
87.0,72.36445438252265
177.3,181.45401515882133
231.0,220.8621497358073
90.95,80.42131696737641
56.1,106.98849249342399
130.75,108.20362243240207
80.0,75.36951318798525
89.0,82.73330607553588
128.7,118.46178366697359
129.0,152.040082171939
80.0,81.3707885354162
105.34,123.87693429147568
90.0,80.16039081286897
65.0,62.149709043234445
80.0,79.97683217012663
158.2,144.4835003252141
105.3,99.79330522587303
88.4,90.38614325744797
76.5,73.39273257423324
119.0,113.40492411105778
115.0,115.17554695294672
98.1,104.75729900617984
94.5,98.76353645330926
115.0,110.14023623680139
103.18,125.47330545021073
67.0,77.96844692904708
110.0,110.46118124782004
139.0,101.22180303669361
93.0,87.92094078216262
90.0,90.40863196821104
81.0,81.22502724673762
137.7,133.1192625531467
168.3,138.19006180181486
115.6,107.27547346451345
75.05,89.04951646044324
76.75,144.81157600083822
118.8,97.69581506402385
104.0,93.90894708295711
107.55,93.30524920161481
140.4,118.34421951764992
105.0,104.81278849404495
151.0,144.11594838090525
0.0,99.13420047922361
118.8,97.69581506402385
62.8,64.26739729579538
90.0,91.38265681359472
85.5,99.97907385064886
135.0,151.82206711762493
139.0,144.5899200701384
113.4,108.94570955037256
132.6,96.51345282435389
161.88,95.78952100503835
104.4,95.14609838595332
112.59,113.30580047757783
57.59,82.13769040682163
69.5,73.99973572948967
115.94,94.1507150691084
110.0,109.97743853710615
79.2,76.11441052061176
95.0,96.5212807262695
140.4,115.62464761610586
48.33,71.67322286719278
112.5,100.24642828367809
75.0,77.59548022223998
126.9,116.99448003322003
97.71,112.50492492712839
123.3,106.80695893245108
75.0,70.01254342281915
95.0,97.73415781422528
65.0,45.523412057568876
126.9,125.38018713619302
105.3,98.6830541996454
135.9,126.53202017000223
101.5,104.34467192650543
116.1,118.80831016350628
91.0,88.87969264705583
79.2,90.58409734268682
65.0,63.39225543203557
156.0,127.53234092486065
116.62,112.06194795767388
148.28,128.71191321016278
96.9,114.40623838799993
95.2,114.40068512885851
150.45,142.15692072673775
89.0,67.45801037262697
139.5,134.66748566976563
187.85,184.9112292731765
119.0,117.15050659795614
0.0,107.66044442476361
119.0,129.2265746652578
65.0,78.70672419817744
119.0,124.9798431761771
130.0,128.29092619617526
105.3,102.36274713657461
85.57,85.87141427061536
114.0,120.91430600798999
95.0,98.08945300754158
130.5,141.2368504587136
139.5,118.87826499700327
177.3,184.17016216511797
101.0,98.42052387074692
88.0,98.58107231116993
83.3,74.5276405640633
109.8,120.28750998267648
151.19,128.55384066239696
56.94,79.02915355623655
92.5,95.7932175079621
152.98,127.0329297270499
44.67,74.95126328225183
109.81,108.03401428540411
69.3,76.91283269445455
129.2,77.73965944145003
115.0,111.78546306834517
164.0,110.22803671595184
118.33,114.77522647282137
61.5,76.57832716535039
168.3,163.2812753820407
146.92,157.66782809482905
70.12,107.32227764798903
88.4,82.6537789077386
95.0,95.28973561157957
90.0,105.97637928878974
90.0,83.90959685267742
109.0,95.40834174361791
130.0,131.7854942309443
46.67,60.72331649714122
91.2,83.68248518024446
111.7,91.23443820114828
79.11,77.33075370787435
160.0,133.49237623577798
58.9,90.23647373564947
100.3,82.46560450938148
66.0,64.62499990996594
141.0,116.59899418819711
61.0,61.28757888157563
70.03,83.96049354969193
94.5,88.21067387585386
96.0,90.798611307602
104.0,102.46910885814718
139.0,126.78709607306207
110.0,110.29204902629637
80.0,76.67791613876176
105.0,104.81278849404495
77.23,68.72010950764331
140.0,130.2139686329257
132.0,119.71441859586466
126.9,120.5463127305803
153.0,142.97301679742282
54.75,90.23247859225742
75.0,73.70499449053806
0.0,113.30783877444038
135.0,110.84925264058428
72.93,64.58007158744996
79.62,85.20395039308204
99.9,103.46791825074754
60.0,59.9475446862242
115.0,114.75740331075455
119.0,105.86560544181927
88.0,96.03021196930261
61.09,98.56763515012116
58.0,54.62101557494654
90.95,90.92351799348235
6.0,78.52015073070612
120.0,119.71068559579955
139.0,126.05032788239069
151.2,142.21118409167784
103.0,87.48625503569208
82.79,79.96617911961377
107.0,83.7120257554129
97.0,79.6433572668449
94.33,84.25061831757952
147.67,143.7928572075723
120.0,119.3881009007107
75.0,76.10670252202631
90.95,108.58120490776213
65.0,71.38295903336558
68.69,100.86097646002536
85.5,109.64916787944692
100.0,102.20371482634641
105.83,99.50624933022942
95.0,101.03550157301574
0.0,67.93742507676997
105.3,105.78079543850043
110.0,107.70628184976454
84.6,90.35952924299315
103.5,102.97568077235861
70.0,67.703492503251
72.25,62.8464080384676
154.5,153.58522038404325
72.42,104.84605462595584
87.3,89.19254650717055
90.0,92.0130971195505
106.25,123.70276588751234
120.0,115.4810459615722
98.25,96.60703021272275
73.0,88.21208895098717
239.0,168.60346173405856
129.6,133.1817866680258
94.5,91.90628301421255
109.65,125.60547779764391
107.1,102.25693413423781
101.34,105.5288751191852
93.6,88.03691232176136
95.0,98.08945300754158
81.0,96.24326779770523
115.0,111.78546306834517
119.7,130.14672958747417
109.65,90.48804347706125
78.0,76.56098637429538
114.3,107.35808018296974
80.3,76.73449402877279
75.4,84.81309073062604
87.0,85.50848859606248
109.0,104.29437347766888
82.0,85.67924015617373
190.8,205.51671404206766
64.67,94.22718014978851
101.5,104.29437347766888
58.0,61.41971646075535
55.0,69.6637160812434
60.29,77.4600186567565
106.83,100.24927197465028
134.62,164.17684391833012
168.63,102.11782883535774
75.0,76.10670252202631
149.4,121.10285510885785
90.0,90.7960932999469
68.72,79.73262958109423
120.0,119.71068559579955
65.0,58.02747320216183
95.0,96.01826451652613
96.9,134.43685637716618
74.15,86.6464504654792
92.0,85.35169215380381
139.0,125.07990544381367
118.8,115.61117950376645
110.08,97.65298992678598
104.0,91.05220845449593
96.3,106.26511278782033
81.0,91.86828687661986
65.0,97.84620257632118
101.5,104.38777194358128
120.0,119.3881009007107
189.75,182.12663870463567
72.25,78.51710473692417
75.0,93.86790861193435
31.0,73.77950400144242
85.0,116.80566849957778
177.33,137.41581675558734
75.0,77.93240124758402
269.3,233.48600723320504
79.2,95.97866083801796
85.0,94.78454485841165
100.0,99.84215656132484
79.2,92.06944266020365
113.1,107.3679203722918
194.85,100.16304940074144
95.0,109.4658462510407
106.2,85.22648012394937
70.67,76.57105200432785
94.5,98.92119103357271
61.0,65.14173135088494
70.0,70.77707994672596
52.0,50.04330364055276
133.2,134.85342708379133
65.0,93.19270783435381
151.0,124.36756288381635
71.0,75.36951318798525
73.1,86.91077058248362
62.0,72.73816262850406
146.7,130.48364372035087
134.45,109.25530926046036
168.3,153.47133195908174
84.58,89.33974536968807
160.0,133.49237623577798
171.26,149.59104535083256
130.0,128.29092619617526
52.0,51.48635249543375
155.54,142.04470106915556
120.0,120.01281708083722
115.0,110.14023623680139
75.0,76.10670252202631
85.0,91.78603648390349
79.0,119.5156772430322
79.05,74.44866306540689
162.0,162.40691895511395
109.8,110.11437019527189
46.4,87.46116105898867
123.75,119.37262738779734
89.0,89.22611991115124
75.0,78.79246642865733
79.8,86.54005430637439
75.0,87.00289653783031
129.0,142.756235194006
96.9,134.6342487739815
130.0,126.43431170654816
81.26,94.79783908141098
68.0,81.5997286145356
65.0,46.08896041132443
125.1,127.91172318109918
68.0,99.73747660806104
105.83,81.78409436752398
104.0,47.45360553929185
75.0,83.96004259025554
75.0,81.14824640370361
104.25,54.55336132897613
66.0,78.10955787124712
90.9,85.26397051440011
117.9,115.16729054326183
166.5,147.59962783002572
99.0,111.84116971099525
114.3,114.88338244286429
73.0,72.9534252266467
124.0,113.21927696640014
62.64,70.588676300608
186.52,171.5971891744821
67.0,64.94357397815104
75.0,75.69048451137661
128.0,116.70071318575167
132.6,100.19497142619946
187.0,172.41716688269508
76.67,75.5684700007818
120.35,115.81187937297788
124.0,91.01113129908703
120.0,104.07833966643652
152.1,142.61889788081754
115.0,114.78988943790822
94.5,92.64189667194421
87.67,113.78952245847708
119.85,97.51110569299851
211.33,149.58809705393338
18.0,121.65746212143085
82.12,98.5613934113377
119.0,121.37326216019594
80.8,83.59962129713071
106.71,125.2745705714556
114.0,106.66343776012924
91.95,85.56396702634316
116.1,117.78791231998163
116.1,115.83663813804804
102.6,111.38185229214365
65.0,80.9194280164542
100.0,99.22377070877803
100.0,87.49227438351697
65.0,97.84620257632118
96.9,88.81104312711244
89.3,61.89282921428682
89.0,88.96893205347992
133.95,137.77837914117174
121.55,129.6489491953719
136.0,125.26079391646122
79.2,79.16603496353774
89.25,81.67554689892171
74.0,75.89058703734472
113.0,110.29695905348161
105.84,112.80122210253055
83.9,84.52989940494038
87.0,85.84662918582517
198.9,180.40513392053666
121.0,115.59195918361597
85.67,82.55693545940584
108.0,107.72575510861044
132.3,117.31855761476612
79.2,87.11818418895952
92.28,113.92363642984994
62.0,72.73816262850406
99.79,102.12356789559288
156.0,136.62004957823072
149.4,123.18166779218008
90.0,91.65767543557654
70.0,75.05116109631113
86.4,102.83286731688408
70.0,75.36951318798525
121.8,99.88557845027724
85.5,115.0799938178929
113.5,140.45091940750336
92.65,103.42328837658302
106.25,99.85984619990411
130.0,129.17387660883767
56.6,75.05039793266118
138.0,93.87598478971042
130.0,129.17387660883767
95.0,107.67797479188528
168.3,153.5935707464235
80.0,66.33487338145247
113.33,96.58058643999436
151.0,142.50589869964287
66.0,50.273329077492086
75.0,80.24686548474591
132.3,123.02133831619363
145.0,131.24651924991892
116.1,114.38922093091473
115.0,114.67052691014607
142.2,141.89190400623107
103.0,86.51202465601082
108.0,107.02994846281676
80.3,80.98669253664735
187.0,192.97169702659573
85.0,92.39287317694564
174.33,101.83471096700976
132.3,120.6625747731457
210.6,164.26205213511167
60.4,81.27772578456755
85.0,110.97192376512184
80.0,73.31674590219548
95.0,116.409829220238
48.0,67.54540418907553
116.1,116.51796006215665
89.0,89.22611991115124
122.4,106.3337449270716
67.0,66.68329807590322
76.5,79.31327389443038
120.9,106.16385282726156
96.3,106.9520910862025
88.0,87.26969706380149
149.4,113.4551472215527
77.5,77.35117864217446
120.0,119.3881009007107
86.63,87.97647907711702
65.0,73.58154853910345
74.8,87.22659003093064
129.0,106.3227927920352
88.0,98.92364496887514
104.85,94.91282652128564
101.58,91.11616702742926
95.0,90.14441281936995
130.0,118.07466573421864
96.3,88.52673833651775
123.3,106.00565353022311
89.3,72.20515843032575
80.0,85.84662918582517
119.0,107.09113324424122
155.0,146.73379032332545
80.0,85.67924015617373
108.0,85.16561525963937
200.75,225.50924309201554
63.75,112.31356702804563
131.0,99.41021210113733
94.5,90.0578024782909
87.0,85.84662918582517
159.3,158.94894640135655
95.0,107.10111335512677
90.0,85.09934086251671
75.95,74.83123389875394
149.0,78.0154547350219
94.5,91.30195088530861
82.83,87.79109419286833
66.0,70.22987565918315
126.0,117.01371578708329
117.9,117.0446767230482
169.38,128.35016229850234
95.0,76.25643439549215
82.45,81.63043920228031
104.0,87.65828000201007
140.4,132.02376019566339
102.41,141.4731452943294
6.0,74.09120883213971
253.67,167.4066859414475
115.0,115.20376504262495
74.8,82.50347627456577
104.72,121.93732243951209
12.0,79.6727909631638
104.0,102.46910885814718
100.3,97.77095174667008
89.0,91.21094517051704
90.95,97.09402981342735
100.8,98.70876203235495
55.76,73.18243170572197
80.0,107.55293407316194
0.0,33.64647907435072
90.0,99.31043272869962
102.0,77.13465718991519
109.0,104.38777194358128
80.0,79.89896829344363
61.5,73.75149950447684
169.0,191.66186192513914
95.66,118.63166097690042
79.57,79.74992072886987
116.0,89.60480824719255
104.4,96.37774909697475
104.0,102.46910885814718
66.5,74.39352674344191
73.8,98.55148332008774
95.0,72.39115572832836
110.7,179.4664118762667
70.0,74.8602755202015
109.8,101.77704141741984
88.4,89.06939017759919
95.98,84.54473318554088
130.0,129.57325017703974
119.0,112.3880175853157
101.0,84.29511916364936
168.3,156.64264754881256
160.0,125.95937766507592
130.0,129.57325017703974
79.0,83.63175281537934
72.25,87.09944493588763
78.2,103.70707281506307
6.0,101.84905707045216
106.75,115.40291539431908
80.0,82.10097804062953
100.0,99.84215656132484
117.9,127.42084434543224
130.0,129.57325017703974
100.3,98.36204333205193
75.0,92.79916997525746
90.78,84.68968730881005
149.4,118.33473472373561
93.56,140.9166784120695
85.0,102.96946701101362
126.9,111.22300201078583
97.0,86.24639728393242
68.64,73.46314013165167
103.2,141.09571717984704
93.15,98.76905532414925
80.0,74.86957794054382
79.0,69.3709756378206
99.45,90.1578945979151
109.8,94.7646717606526
104.0,102.46910885814718
84.5,69.63876027134476
119.0,111.19977983523002
117.0,118.88395140479209
137.7,134.33187863092743
140.0,134.07831160198987
148.1,148.6834857900633
135.0,151.93970078294805
115.0,115.20376504262495
52.0,51.48635249543375
114.3,102.55190802041216
101.5,104.34467192650543
139.0,150.24287727561716
86.09,84.64407786268858
78.3,82.60448217463389
104.76,107.0385271561382
81.08,105.83711116319351
109.0,104.29437347766888
101.33,102.76890546040515
115.0,115.20376504262495
91.0,87.96086170338371
94.35,105.85004397393888
78.54,83.48726883149504
96.3,94.54200574534596
90.0,85.09934086251671
155.6,157.89266398402987
76.0,73.90336588335256
141.3,147.26654740172646
123.3,118.53769810725476
76.5,82.40991610335567
104.99,171.00487841622288
99.0,102.71836947408293
0.0,54.20140367766627
85.5,112.0645687531895
94.5,92.14516596382104
95.0,114.43815043842294
91.38,83.52367610997221
85.0,85.12224390322555
144.9,126.18117460346518
89.0,88.96893205347992
96.08,101.83169259307648
110.0,90.16846034346962
149.0,67.60060705562202
82.45,82.37808375168822
75.0,75.69048451137661
85.5,93.32490907656249
96.12,97.77073416306295
145.0,118.1431896862448
141.0,151.16879837573106
75.0,94.58344820464539
105.3,109.63581537411795
72.75,83.4961040060908
71.1,80.11011690618984
118.8,117.3022729086849
110.0,108.86204299032819
96.9,133.58989954886397
54.05,76.30632656811231
61.43,96.60580183349845
89.25,92.90495641938578
80.1,97.18939845441164
138.0,91.43872804882572
109.8,101.2761720394078
86.75,84.92574835583763
130.05,133.3318852042789
0.0,42.53595991387555
86.8,142.95471780861314
94.5,96.70260465961586
80.3,67.62306140362142
153.4,146.7924562742664
107.0,106.73483784009606
97.0,75.93833990761166
210.0,152.11506405241119
108.0,103.86194657775822
74.61,96.02845999652271
75.0,86.37438876532852
129.0,135.11212852764191
65.0,113.75592277392447
90.95,96.6132356930114
87.0,75.70287590250145
74.15,90.58020767787905
66.0,61.95825271624692
91.0,88.24884910849633
140.4,109.70070360821836
71.0,51.10542435302767
104.72,112.36835267755714
85.5,94.84879987374164
119.71,136.23714997534427
151.0,148.06308234199633
72.08,85.25479945589751
126.0,98.76046474277479
72.5,65.71663312991248
159.0,152.78729331058577
97.71,111.23420500970565
72.25,122.15738143257809
130.0,126.43431170654816
78.49,84.46862526531717
90.0,89.96477540989936
70.0,70.77707994672596
108.0,111.92916993608807
65.49,87.09749366901082
104.85,88.44964271944198
76.56,87.97058122911922
104.0,100.98911633927835
69.92,81.70387078213662
84.45,66.09247639946
104.0,105.62107703039307
80.75,82.24225293413141
52.0,50.04330364055276
112.2,104.21496300895197
79.0,85.66849268102408
0.0,41.701512626413674
76.67,75.40119460510408
87.5,86.1218981595962
80.0,82.92023494198249
60.0,59.9475446862242
90.0,90.40863196821104
159.33,158.79328091119305
99.48,89.42412660310407
118.8,107.97849431251241
115.0,114.16344308764174
135.9,119.74336510176592
75.0,118.17445278924306
169.0,137.1627218754896
90.0,95.53884112407971
91.45,85.35990631965137
105.3,109.01709278192222
91.0,91.39432511482985
80.75,96.74431861118707
168.3,156.47993149663597
127.62,102.27852790587363
109.0,107.5203914537411
88.68,91.70273133125521
214.2,160.4587531251632
117.28,110.27599467216375
86.4,87.7189634670315
140.4,132.02376019566339
72.25,115.6465255791041
130.0,119.03111997093808
101.0,83.53603576503959
129.0,118.00306956980023
153.3,122.61443404279116
111.78,91.14633642646108
95.0,93.56328768279855
90.0,94.92725915427577
166.0,105.03441723742189
67.0,71.35850887492586
80.2,105.95601679440155
107.0,94.41729062386877
163.67,108.02995607785451
89.0,91.99855231128416
79.0,103.0588438557871
105.0,102.31187395208968
97.5,90.69906373493076
112.2,104.21496300895197
115.0,114.78988943790822
115.0,114.8945899858475
123.3,109.40439761138572
124.3,112.56732882573277
79.0,86.98169016239532
89.08,82.71061648482343
115.0,114.92233423806834
72.07,81.50894523290535
73.81,97.25289819744813
66.0,74.90967433117729
70.0,76.36360824764165
88.4,76.06148017768197
124.2,101.6433922911978
123.2,102.04399369404545
106.2,101.01918675428226
107.1,120.90154835785604
53.47,69.08793968840098
161.0,156.5791293923732
137.0,140.36360728478968
118.98,87.98684707823003
72.25,68.93481313575384
140.0,130.2139686329257
0.0,6.3344651425315135
80.75,103.70269322281602
75.0,95.00413786198764
149.4,146.90071511943177
110.0,108.86204299032819
94.07,101.33669181687837
65.0,84.93944755084951
75.0,77.93240124758402
64.22,76.02922634340456
134.73,131.6724743829204
78.3,63.35484566881928
112.5,81.96946556819202
115.0,123.52607397740331
72.75,74.5366910451027
115.2,96.59638611717031
91.0,82.27215783330826
125.1,128.42597828301484
86.06,93.32162324192785
135.0,140.3831161282644
52.36,77.59954289621672
67.15,84.94252919288058
85.67,80.38669450321194
85.5,87.70136763212497
87.3,110.25449502727186
135.0,146.2004409878804
130.0,129.57325017703974
100.0,99.82252358249755
130.0,128.29092619617526
159.3,142.90107543845392
116.7,126.80085757113372
110.0,110.29204902629637
120.95,123.8034724529368
84.0,101.25878991028338
115.0,114.34990593689051
100.0,92.72111288914469
99.9,102.94799724162367
135.9,128.53001550881933
101.5,104.29437347766888
99.0,100.01419506631787
119.85,109.3575616311451
77.35,77.91593965643203
155.7,142.89519636300992
83.01,85.22457063297813
178.0,161.53306548223787
140.4,129.05552352673146
105.0,99.0921427638938
75.0,78.79246642865733
76.08,83.11398508963242
65.0,65.00710457899373
86.62,82.24807396469107
103.1,113.17178246680328
80.75,92.29185821068029
80.08,88.97156033202907
139.0,125.36592108322176
110.0,111.0697323478527
90.0,94.92725915427577
75.0,75.54933632233264
85.0,73.93200972927728
84.15,80.63943228975832
92.0,67.8107547525072
65.0,56.54724345789398
120.6,110.74407873321725
90.95,75.17785941616026
65.0,71.2501162108597
112.0,99.61556209341329
95.0,97.73415781422528
110.0,109.97743853710615
90.0,106.70274318621
81.73,119.65708616503173
143.52,132.8305608649557
99.0,110.57202069774291
132.6,106.58599640406915
126.9,159.8774216626085
88.25,62.48570486054692
141.0,128.37893624151062
138.93,115.60499798189521
74.8,86.72223260103885
92.65,111.03104379356176
125.33,90.51581993849294
91.0,100.59167861152532
210.6,139.67994761713044
0.0,-5.441056365645451
89.25,106.88315591393756
152.3,110.06059549123128
142.2,165.53795282110542
130.0,133.0602965069017
140.4,120.36101437500709
87.04,90.37393782478519
62.8,64.26739729579538
89.1,88.45972767512674
66.0,88.73696267206142
96.0,81.11684826884374
146.92,103.5417767345545
160.0,158.39892514354352
105.3,108.60218112843044
103.5,99.62491086564769
165.3,148.85337294260856
142.2,139.77873050099782
123.3,97.14388930677681
65.0,64.15180998528272
96.3,111.20322675380869
60.0,59.9475446862242
90.0,89.90436132041135
149.4,71.93479717277484
126.0,96.71332958626313
77.75,127.02604269957561
72.25,104.96294802952353
167.0,174.41135769411142
97.12,90.26344570655435
70.0,70.77707994672596
79.2,90.21270973645957
87.0,76.94516723988309
221.0,216.10497117257452
100.0,102.04422310199814
75.0,77.0238261617639
51.09,63.52201026320871
128.7,133.4625819851127
87.58,103.07557190440572
137.7,131.0256547531068
210.03,233.411168170432
85.0,85.43776470922545
90.95,90.82764918229387
92.65,101.48369660025092
132.33,109.21768871751854
80.0,75.39634176844845
126.64,107.60957741183384
70.0,70.090797945584
76.0,93.79901083295033
96.3,93.96171451286686
70.0,84.1323995783629
65.0,83.75474677037607
77.85,82.61692099744845
126.9,114.87794803434736
85.0,93.88657723507899
142.33,148.37752842537853
108.0,128.00748389662044
89.25,98.38730015771455
101.5,104.29437347766888
89.25,79.7620389610403
85.0,105.24290416572256
73.0,72.9534252266467
100.63,101.39709465151071
105.3,107.4809782685159
130.0,129.57325017703974
81.9,78.59744694970665
0.0,58.491222377157904
162.25,154.38913770901544
64.68,93.63957108151791
0.0,121.37716687443981
99.45,81.34447101676483
80.0,76.67791613876176
117.0,112.20449304882435
79.05,78.19707854561135
120.0,119.3881009007107
118.95,118.11261082021404
168.3,170.07112116039337
109.0,106.4740035975932
99.3,100.2347566966522
115.0,114.16344308764174
118.8,98.72774938719024
109.23,135.9251054660603
107.1,112.19732678057638
90.95,82.56103078297805
84.15,96.90884411629104
79.0,88.36399953386417
163.67,188.89387241549156
65.0,87.51435036051093
96.9,94.45689798823697
115.0,114.8945899858475
58.0,70.87484593203285
81.9,79.73281848570193
75.0,75.69048451137661
108.0,70.17745538572512
75.0,75.69048451137661
60.0,59.9475446862242
90.95,86.83181120932838
89.25,95.75629828378484
119.7,115.33271151056375
79.0,71.94357397700095
108.45,92.85173304372302
91.0,90.29077963470839
187.04,200.97924355764857
101.58,102.99419449737998
94.32,100.99048574468377
124.8,107.9236269358507
80.75,100.19783657371858
120.49,122.1665813260826
105.0,120.9773113021744
97.75,98.09233462945903
96.9,129.37690152343137
0.0,151.26675934000372
101.03,110.52216869634698
75.0,70.01254342281915
94.0,80.28753455760202
145.8,161.8339834834588
149.4,135.79785960200536
53.5,125.01574712361548
100.0,102.04422310199814
88.0,101.66178479859192
70.0,75.05116109631113
100.0,99.62706107399343
80.0,71.68960565409873
0.0,72.74473100802766
65.0,37.70854058733556
127.83,124.70490564317502
117.3,90.8688001656678
104.0,96.63656069206766
90.9,89.50686636450638
67.0,74.21775785547884
94.5,107.31347875032912
110.0,110.46118124782004
121.0,115.59195918361597
89.25,83.31551940577089
132.3,106.76725488148838
103.5,104.74650144080769
118.8,104.87538340398793
62.54,92.24731641010754
126.0,136.37754011577536
108.9,113.13196466604752
105.0,114.611848063712
155.25,132.3327127518372
121.5,132.46122775147083
112.8,93.98387788294555
95.0,96.5212807262695
129.88,112.97890340445966
95.2,90.70085544858414
74.8,94.42149678346647
112.0,115.58364757713737
94.5,92.07397229436279
159.3,149.27574588099276
65.14,84.94231814902199
81.08,135.01745035234606
80.0,64.28234280471074
142.2,132.20741766623914
76.5,73.38965786364625
162.75,146.7038057705424
96.0,83.74468696345318
147.6,164.75570383040812
125.0,114.28754178010941
131.35,109.79873897318272
79.56,108.22046031245314
100.0,99.62706107399343
86.4,87.0984711811192
65.0,69.72639250360275
78.15,133.15906088081283
126.9,110.86165315772986
184.95,180.50743848675103
139.0,127.20974547418993
103.76,125.78735424723422
118.8,107.89627787932457
88.83,72.82289106950424
70.5,70.1235192933313
127.0,108.2607887560998
71.46,97.52154871179457
85.5,106.65987662869517
151.2,142.66503067430673
94.5,93.03674194780746
67.5,75.34516628514217
82.45,108.88385883337672
141.0,129.21960004598492
124.0,124.33354542351542
159.0,152.06437604813024
110.0,111.332574431865
63.75,107.35636246623912
76.5,87.76405587901873
116.33,107.10111335512677
85.0,89.83213958706675
146.0,109.65195755158703
89.0,89.22611991115124
124.0,119.99820443358504
90.95,78.93394886249844
125.1,94.65583583812762
115.0,114.92233423806834
140.4,121.96446365174154
121.5,126.71415875638905
103.0,84.59733513949806
88.4,95.71436206486776
65.83,53.930290150195944
71.64,75.01787370553076
153.0,127.44038738334855
199.0,186.77657675574457
135.0,121.93732243951209
150.3,149.92315179302432
75.0,81.04492150068944
71.4,96.74748577062634
96.3,92.33318476698604
82.47,105.9298497640157
105.3,108.51141756228637
75.33,94.82027405058922
60.29,74.18366070512118
120.0,119.92373897421919
133.8,146.9580799442449
300.0,94.10599355280755
96.3,102.08544142638924
105.4,99.22236623857957
66.0,69.01564583217927
90.0,87.85325938123032
104.0,102.46910885814718
53.85,90.34100536750334
85.0,113.01362463505842
75.0,74.62245034260029
81.6,84.25592878018847
114.33,108.4719883006264
99.0,108.0830377088436
74.8,76.1431649792747
71.6,98.82552180666384
71.0,84.59024594515445
114.0,95.50171762747935
117.0,118.88395140479209
123.66,137.54199601344803
109.0,104.29437347766888
115.0,114.45028726238519
69.5,74.5084501476739
80.75,87.50669751111398
131.0,98.31281545815722
77.25,81.3033443936263
105.0,97.3946234270853
114.0,97.36202426822777
66.7,70.57178377434957
115.0,114.75740331075455
105.3,101.7464505838149
121.0,106.2900658136886
125.1,126.07300099767825
73.0,88.21208895098717
151.0,145.1347855435832
74.8,76.95297947068302
182.0,150.08475118331032
138.0,115.00214388544445
114.3,102.30051917484583
65.0,41.025723256049424
118.8,102.52945653806233
85.5,94.49293476534986
161.0,125.17682247412978
207.9,212.5381519214298
186.3,173.62328546057543
50.33,75.34802667704977
105.0,95.54960256273212
90.9,96.650545760749
89.0,89.22611991115124
92.76,107.67423476211744
98.67,100.35790471122297
86.0,75.22524147299785
120.0,120.58678679062795
0.0,14.545704175542411
142.0,154.1330977519499
75.0,75.69048451137661
108.99,128.4525019287891
156.0,121.64564390899992
85.63,97.26386540547277
60.0,59.9475446862242
99.45,100.36973075670285
126.9,103.86350858905192
98.1,114.2088547955036
121.5,137.8470030119181
105.0,92.76110000124233
82.13,89.50838964346622
101.5,101.41096915448222
106.0,79.17231809355934
80.75,109.28636492713682
105.3,95.31223779273216
90.0,82.24089085676763
80.75,94.81261476040785
151.0,134.35914840597854
115.0,114.78988943790822
85.0,85.51348209156598
167.0,151.4461830671593
115.0,112.44415540208169
56.01,68.04469079677138
110.0,107.09113324424122
89.0,89.22611991115124
106.0,86.5908393539633
65.0,73.41538059365695
132.3,123.23912092647512
142.0,136.9531242278237
113.4,111.46757662953135
150.3,181.84248670999244
128.4,99.34158519421898
0.0,34.9215163679156
98.1,111.44253580028862
77.88,79.98421777662539
77.23,73.22665656153825
0.0,78.19180857652165
149.4,130.84019718615343
139.5,126.98306734205875
105.0,104.81278849404495
93.6,87.44208161675209
140.4,108.80723966455864
117.9,113.39495452780316
129.6,130.6856137826941
127.8,125.00342578368338
142.67,103.03553598221274
118.15,99.04404849218245
96.62,93.06809654530757
75.0,76.10670252202631
79.4,73.37794859929411
100.0,98.55844519035311
112.2,91.75061936695045
75.0,83.25384307892777
118.8,130.12702651716276
115.0,111.78546306834517
109.0,104.34467192650543
106.0,74.90336797690995
53.38,92.86710265931661
180.16,121.19762441985505
129.6,127.70222710893309
107.0,116.23876825094106
139.95,122.8330878895589
76.69,87.6411786907006
79.2,96.14508327059659
66.0,79.22606949898079
90.0,91.16466766371967
100.0,113.26270450673464
103.0,93.65002952233469
159.3,156.01348853862612
103.5,107.00791346714638
82.0,81.39923222393371
129.6,133.1817866680258
65.83,85.46839092923804
110.75,92.94819371860075
100.0,99.62706107399343
80.0,84.81162204108574
94.5,100.75151784700653
151.2,148.4879931299799
215.0,153.08414371457383
95.0,98.42583598820599
111.65,130.18872339442436
82.0,81.17616960735637
142.2,141.46677199413978
109.0,104.29437347766888
139.86,153.08873381590308
152.85,197.4530844121843
177.3,169.77326715563416
63.75,127.01838458170178
70.0,76.69117837778282
104.0,92.76651620932067
105.3,97.68080181692972
123.25,116.57874626301502
99.0,114.62810520706135
94.56,142.2370414760557
93.5,82.64671703958095
109.0,108.91392448901257
52.0,54.31593241392237
130.0,128.29092619617526
67.5,72.57955652819274
114.0,91.32357043250362
75.0,76.10670252202631
63.75,115.86862174535972
115.0,114.78988943790822
79.0,88.61964349523933
89.0,95.70937822868353
65.0,102.0122557128877
96.0,95.21207397862142
0.0,106.5506089272091
65.0,87.33537972693439
96.9,91.83666272157109
67.5,80.56257464657585
128.92,83.69615645974949
68.0,75.39634176844845
90.0,103.9465527920243
67.6,80.61475886921681
105.0,108.39660235263185
65.0,58.22176716418929
94.5,101.3773269186416
105.3,100.03636008567102
121.5,108.7013123366925
148.0,129.43798970973535
110.12,136.48947259035415
150.33,160.9813527239385
105.3,98.37824490024092
133.65,103.53620352695079
160.0,136.12072921523583
108.0,79.20766729064734
65.0,78.48020012700712
65.0,36.14384238218659
100.0,96.17185829126721
78.35,111.99830082144922
115.0,114.45028726238519
85.3,83.4254839136967
89.75,110.8914610084449
113.4,104.14703769197642
75.0,75.63365452190385
220.0,230.9095302629911
129.0,122.13079968690327
95.0,97.34607833516388
159.3,153.020511902657
70.0,70.77707994672596
108.0,120.92824285550661
104.0,92.77642352797265
116.0,109.05560787193056
91.0,107.00167903824315
121.37,116.75579264180088
109.65,109.65054442290001
108.0,94.75010084495342
109.1,143.6356999661961
77.5,135.22678759166126
149.0,105.79711622240792
104.0,135.5431606420745
107.0,97.98620145396606
129.0,125.29473201271936
72.67,95.423207823086
79.3,66.45230285205199
119.0,120.35855045362989
106.0,61.822337423394146
69.3,75.19181194300737
88.4,90.83639034782627
90.0,93.95775868212014
79.0,91.2200125573804
79.05,80.16897931465832
159.3,156.03284834802088
81.0,81.22502724673762
69.5,74.97091321542675
90.0,90.99078354436546
115.0,114.92233423806834
160.5,153.7521260627145
133.98,157.52955101563487
75.0,83.5330975526001
63.87,94.7513007242852
59.0,57.67025477318733
130.13,139.54580771231903
187.0,158.46975637203764
78.6,68.34259012852687
151.2,152.72973972852316
63.75,64.23012487095068
112.2,98.57710422167885
78.0,76.95428640836997
90.0,95.28629529534355
117.28,110.27599467216375
150.3,151.83237689193828
69.9,72.00810290066694
149.0,148.13634855234437
100.0,95.22862532109069
85.75,114.72959030421396
68.66,70.48150679314392
110.0,107.70628184976454
97.2,99.5055111590836
65.52,77.92620694129559
151.0,156.89737553475697
77.23,68.72010950764331
125.0,117.03224372632805
115.2,110.78157429766215
80.0,79.43519957715611
120.0,115.78841022580676
120.0,115.78841022580676
0.0,95.5940169795813
115.0,110.14023623680139
108.9,112.04464597441245
115.8,101.91901912391073
100.0,93.25916280114019
153.6,154.64224378518537
94.35,105.85004397393888
96.9,124.23559110416252
151.0,142.97830546852293
109.0,82.46362656951617
168.3,165.45594344734138
141.0,133.8924516554065
90.9,88.97138306213219
71.1,76.30789638087907
85.5,121.92228179275126
99.45,97.99150142418048
65.0,64.62923920150297
138.57,136.49228178747148
100.3,97.7657614678313
156.6,170.55787608382036
138.0,89.58686546082279
45.0,74.66851270375845
105.3,99.38290091149905
80.0,75.36951318798525
108.0,102.47549579474327
75.0,74.87711130900252
155.0,137.12390688464671
72.75,75.22524147299785
136.0,100.76729845121739
96.76,138.16571609272063
65.0,84.37240216321551
115.0,107.07162111965636
90.0,137.43441946014116
104.14,90.73664476806596
138.0,115.40789239670274
170.0,167.08969188139048
107.1,121.65143113148154
78.0,75.77367991496435
100.0,99.58808286025257
95.33,91.23171097481759
60.59,75.83497664149733
172.55,194.3992569877184
76.67,75.5684700007818
90.0,90.09232040742167
75.0,77.5653315748828
130.0,113.7054909514021
81.9,76.70337937789964
95.67,91.4212747467063
94.5,92.6226406922011
75.0,86.92834304110316
128.0,139.89058322379393
127.8,102.70045991492074
107.92,86.99887750369251
95.0,118.74449611717186
91.48,109.96961285268526
73.5,79.16822036317404
72.25,94.92831157034567
60.0,59.9475446862242
116.0,108.86641171160076
94.5,90.26329499717644
86.0,92.65466361237173
127.1,119.34734883620023
130.5,107.07273791855144
82.45,86.74906628864582
101.33,102.76890546040515
180.25,133.00823741348702
0.0,-7.908740514044268
58.45,84.0262555748214
65.0,67.37058381119365
76.0,74.87711130900252
92.28,115.84310407656008
140.0,137.99693228025424
60.0,62.68858283194118
88.2,56.04487357034093
95.0,78.09705238004935
104.0,100.92788789623671
111.0,83.94915457641869
120.0,119.71068559579955
95.0,95.28973561157957
141.75,103.13414628065573
89.0,88.96893205347992
114.0,111.63202796519688
120.0,119.71068559579955
63.6,81.50334325056357
123.33,100.18584325364448
72.25,108.56747235909819
85.0,85.51348209156598
118.15,101.79357700988048
59.5,83.37189730770552
65.49,85.14762077831611
104.4,93.45347331069864
0.0,93.19270783435381
85.27,83.22704625361237
115.0,114.45028726238519
58.36,59.88336737448382
114.3,97.16019183338368
65.0,71.46227838258302
189.0,139.08723175475416
128.0,125.71298338145347
65.0,84.37240216321551
79.0,67.3934422338897
99.3,99.96368330079484
65.0,102.0122557128877
92.0,76.76685307531257
119.5,121.09599917975959
122.4,124.40553659961209
90.98,110.05187863760568
117.68,140.78834894863977
80.75,94.41873560372379
119.5,114.28043212290514
83.0,99.32020874299984
89.0,81.3707885354162
160.5,160.5001205216443
148.0,93.85240603271842
67.0,84.80465910813136
89.3,71.51908584978555
52.0,50.04330364055276
75.0,115.03079338438671
70.0,75.05116109631113
87.67,109.5594061421998
88.83,86.60610055271215
79.2,74.65706609063358
87.0,85.50848859606248
141.53,99.44989733039093
74.8,60.33985363923524
114.0,112.76777437083621
135.0,104.7235165097136
109.8,117.04002280727532
68.0,83.09668453436126
103.0,112.97134172201018
81.0,82.73377758755103
92.63,83.511405469281
112.2,127.57839527993774
75.0,89.4235072922705
86.36,131.479563950095
0.0,54.292206021833195
76.5,117.3397290251391
105.0,104.81278849404495
115.0,114.83640981111326
85.0,85.51348209156598
139.0,134.58452897587938
76.0,65.14173135088494
68.0,78.9893367980178
87.53,101.70682214248102
70.0,77.96364209858599
115.68,123.22639262765207
65.0,74.55509427851052
159.3,132.87116996543898
72.25,85.80076998382944
108.9,112.71788788514131
96.3,94.65672725561785
137.7,142.2370414760557
115.2,108.56097895733969
90.0,61.64306675820797
60.98,77.81783271114499
141.0,122.05543024044213
134.53,129.10779446557925
94.5,91.0802576793662
88.01,97.84540276279702
111.3,99.91806715462373
89.25,102.58336117995368
96.3,87.71462084386818
115.0,108.78723552049291
97.0,57.47532939643868
141.0,133.97513833327025
152.0,135.28538850345848
110.84,144.97171421479865
104.0,88.86657751465668
115.6,126.3928238452756
83.9,80.37575607441603
105.0,104.81278849404495
110.78,114.40767595367356
89.0,88.96893205347992
72.25,92.81507086244831
85.96,90.11785832171805
146.7,144.7097734435217
72.0,78.19416375296505
54.75,59.72738867772264
53.38,87.35859983700253
99.33,126.56423146624934
101.5,101.41096915448222
75.0,106.86062325027584
109.8,130.595237552747
213.6,154.04506356618973
119.85,115.41634364203506
152.0,151.56660930003312
81.0,81.22502724673762
116.1,103.38985198170109
112.25,97.08870945854096
159.3,147.89210207805172
75.0,101.64293410051818
65.0,83.76538296943933
126.9,124.40412625509398
75.0,94.41729062386877
89.5,68.49752852051813
132.3,128.58517782180567
180.9,96.69743665732528
119.0,113.57804851690008
110.5,89.255853254791
135.5,93.9338617266873
80.01,115.0531056884704
147.2,139.00103923324397
135.0,140.3831161282644
105.0,104.95611441669585
135.0,129.95916181878613
95.0,125.5511003414154
0.0,18.90156955298079
209.7,245.63315233722025
90.0,90.45634326241151
68.07,89.91139366892615
58.0,59.764840612017124
121.5,128.35583849127016
92.65,123.60597455840467
100.3,93.62534706123651
90.95,90.12145546476508
110.8,98.34828278499101
110.0,108.86204299032819
6.0,69.77208232468706
81.0,86.79417599405619
90.95,78.72310267706646
85.5,95.6688120077573
38.67,67.01297780781468
97.75,103.22476529736358
80.75,109.24088797044668
74.8,83.22911272856268
81.9,88.31685904220302
124.0,134.2173764991446
77.0,76.32180625707294
105.3,89.87890557419529
146.0,126.9109330868892
90.95,87.41177811010247
147.46,141.31487089704058
89.0,89.22611991115124
90.0,89.90436132041135
112.2,100.5867536390926
95.0,57.16984552266703
75.0,76.10670252202631
80.0,79.97683217012663
198.9,121.67555101353827
109.8,100.86630400464061
66.0,88.17139472338438
60.5,67.84036778165262
160.0,158.39892514354352
121.5,133.810135401543
185.0,185.1117632029301
115.0,114.92233423806834
102.6,99.26754017894989
95.0,96.6001453446534
87.5,86.1218981595962
103.5,106.84254809041424
153.0,120.40832726893663
109.8,87.99299026334111
100.0,83.26973646926257
92.17,98.42946919210034
137.0,141.28901322361253
105.33,125.97261658094638
95.69,113.07120442821454
109.0,115.82833532114623
95.0,94.42224136941262
91.36,125.23126075497734
126.9,109.7050760420196
96.3,103.70442003477032
96.9,78.32962790605478
98.1,119.73357073472968
51.97,66.57708910391838
89.1,98.54460577451165
114.3,130.33953420391694
89.0,89.22611991115124
74.8,89.44124291007499
72.75,98.79675593638197
89.0,86.43630132684268
60.0,61.755524768840054
105.0,115.22154166892243
100.0,99.84215656132484
114.0,99.02377954853071
162.0,89.7636735367356
105.4,101.79357700988048
43.43,54.4362192770401
93.6,90.54036585317515
87.3,110.03091037940393
90.0,91.26098360142316
115.0,111.78546306834517
76.16,85.68218310443052
75.0,54.868204252613566
65.0,81.79762195416339
110.5,108.00244864117434
118.8,110.1003448957113
51.0,51.653836579126626
75.0,72.38189733869943
150.3,155.81149738763173
88.0,77.50587284033296
90.67,110.1537536322126
120.0,117.70773058424048
95.4,101.36338705844258
124.2,125.11429016804944
103.5,92.06944266020365
156.9,160.20581868749056
79.0,67.63065794509669
74.8,80.56946427120053
98.55,119.84161435575366
140.4,108.45685093290294
117.5,94.23131989751339
71.0,72.10101590670814
74.8,81.7445066228334
120.0,120.01281708083722
173.25,170.08204643631234
51.0,84.67034434523501
89.3,61.78823967609325
79.0,113.16673674256984
89.55,55.119290599817134
80.0,95.00466662989355
87.3,71.42166625188216
114.75,122.44619342841119
82.44,97.40519159434866
105.3,100.81937461476468
110.0,102.19162612925231
75.0,100.47659599781628
220.53,218.9103193832525
58.9,85.40284705282835
207.0,125.10616728150002
80.75,105.01962003681015
93.6,92.03222440222203
140.4,112.78599525952775
67.5,82.34825967528462
71.73,116.23020032305763
119.0,96.72032357862777
128.8,130.3414102596939
106.0,98.49805324898557
145.0,136.06492979074866
75.0,74.90471909665388
146.0,106.14820198437005
160.0,158.39892514354352
112.2,104.21496300895197
162.0,176.1934520762792
162.79,155.17866040618398
168.0,148.07289401157033
177.3,176.89522946002415
78.48,119.62200888897524
110.0,109.34045634310175
119.0,95.82670195719436
109.0,104.29437347766888
94.35,87.33569920719249
88.4,78.91815039894986
52.0,51.361936401226494
100.0,97.57307715169969
156.0,123.99952165257636
135.0,186.5535149005974
175.0,138.39662953402583
137.7,138.13118015092903
125.1,117.0603123844858
85.0,73.70499449053806
110.0,107.09113324424122
80.0,79.35637324270095
91.47,123.96931189899529
180.25,133.00823741348702
87.0,85.50848859606248
90.0,95.01267480682594
129.0,134.91618211744202
79.0,86.64097003171385
68.0,75.18719204983871
159.0,151.91251594673435
119.85,109.96426226646366
79.0,77.78817491555584
106.2,102.92167673967704
68.68,98.87727249831667
90.0,90.09232040742167
123.75,132.39728553002868
111.42,111.0163629903519
80.75,93.19034037219464
120.0,119.71068559579955
94.5,91.90628301421255
139.5,109.55991550182985
96.3,81.82861831442868
87.78,84.57358224902173
90.45,95.56744358308471
0.0,53.74243925795229
135.9,106.18694375860137
99.2,79.424176870172
141.33,153.28482521483105
54.09,78.67244483760297
96.3,94.33224348212335
113.1,124.69982840262634
107.95,95.67442090057844
90.95,84.68363394109446
85.5,98.6358540334304
121.25,133.23875011653834
75.0,74.90471909665388
88.0,87.26969706380149
72.9,73.96415415402066
136.0,102.01177624283596
70.0,79.488056122271
80.1,85.19950158817198
67.0,66.68329807590322
94.5,101.30122080970534
44.8,70.30473708553086
0.0,24.34612884300256
95.0,124.26752197402189
90.95,95.30565806340488
94.5,103.51290919512337
94.0,108.26913438309272
145.53,180.02982809229644
139.0,143.3288968580949
82.45,74.62228673428613
100.0,99.82252358249755
109.0,104.29437347766888
126.0,117.7682880551182
151.0,131.85669385404395
119.0,112.3880175853157
114.3,105.91876833247412
75.54,95.58462515449604
100.0,100.15122973802818
89.0,67.93742507676997
58.0,60.193394549217935
6.0,29.80392786040818
93.6,126.58305421413462
65.75,70.45430490581731
96.0,110.7843494784381
127.0,103.76696838821147
100.0,101.98030240784277
0.0,74.00124582745246
119.85,126.3464235597529
144.0,120.99577751328503
82.66,98.71318655290555
114.3,97.26002713631577
135.9,134.93813422774406
126.9,107.2816991645294
150.0,152.69538021774784
178.42,137.5381665100395
102.0,78.78615779980179
130.33,131.71997508928462
77.5,77.04117364772786
100.0,133.93869932324625
112.79,107.31512616712158
96.0,89.66346314664331
120.0,119.92373897421919
89.0,88.96893205347992
89.25,73.10613756439972
93.6,77.26987327723816
90.0,94.1568529347887
159.3,109.94594636137609
126.0,120.40492513618666
118.8,119.21185721451114
90.96,102.38268319944115
110.0,110.29204902629637
102.6,111.38185229214365
60.0,116.26876604455704
165.6,157.89266398402987
105.0,104.81278849404495
95.0,95.28973561157957
78.03,100.10901130539159
136.0,121.01708781981965
109.8,110.87069793473076
76.85,81.41900178816417
87.0,86.46539742006816
109.0,104.38777194358128
70.73,99.82693739148594
187.28,192.81746125902635
73.0,72.9534252266467
108.0,117.6586304687932
100.0,99.00756318361182
116.1,112.69272196185261
95.4,83.57622529631672
92.51,100.4670745753216
74.8,81.77060913998042
65.0,73.83417540727444
94.5,104.38111642561195
91.7,94.83690647262358
67.77,88.07421729486252
100.8,101.26766690022225
107.0,76.46096940996046
111.0,91.96140182598175
102.0,95.66528386272222
91.0,87.49141708022262
70.44,94.35135635384165
102.3,90.73236940763263
134.1,150.53080657055983
110.0,110.29204902629637
120.0,119.3881009007107
126.0,125.01309821983408
93.5,80.09860324245793
108.9,115.88758713712048
275.0,236.08210256227795
97.0,83.64500817973362
150.45,138.5647795175018
65.0,66.33487338145247
75.0,69.90053716373805
135.9,122.64744291502112
71.1,83.9501329350657
97.54,105.48838942371076
184.0,160.68165809418826
75.0,85.23598111682699
72.0,75.71994475026172
65.0,70.42557244384466
114.3,107.59935047356095
131.0,106.29785709054053
115.0,114.16344308764174
179.0,141.24699230626936
77.44,92.03426749271878
68.0,66.27719808575657
81.0,88.76617453724116
73.0,72.9534252266467
89.1,95.19964022967923
101.5,101.41096915448222
60.0,70.44756755997747
130.0,128.29092619617526
75.0,80.27108751260579
219.6,158.98775960164002
119.0,105.94938395815038
76.0,75.26920383434508
162.0,162.07058603465748
80.3,77.13712551423794
135.67,141.0144022114058
109.8,119.58128910517816
130.0,131.12917604775942
95.62,87.07106190555486
75.0,73.20640199090248
100.0,110.30165659777332
190.0,141.55159986313473
140.4,123.55905894555335
262.7,173.13541252558636
89.0,75.16635964640265
54.24,65.061617912976
66.0,68.32279625078391
91.0,84.51163310322166
116.7,98.9425489522509
119.0,102.16467646252913
85.5,97.10881377359377
97.0,34.17245216255988
130.0,129.57325017703974
77.62,81.74654434798518
95.24,98.16822702634033
69.9,74.39878812670955
80.0,84.81162204108574
72.75,88.74608592789328
83.9,86.87892175702851
159.0,138.78963139144872
74.8,83.34859413264273
108.0,106.47617799743347
90.67,93.35584461220277
166.85,126.53557431749796
127.0,117.29725854277909
162.67,105.72174953059526
90.95,91.84026229303325
65.0,92.87527588940902
102.43,120.14303467743721
72.25,85.28364409015819
99.45,88.89286172433786
109.65,109.62764099047287
128.7,115.29941966911366
104.0,76.80872797401591
68.0,78.8069950725321
15.0,132.87553520025503
80.75,114.3910638710115
119.85,123.64664556668328
213.0,136.48353856746098
95.48,114.46361864727893
95.0,96.5212807262695
120.0,119.94227494973028
119.97,110.50844995914895
70.0,67.90876541774405
130.0,117.48907932737595
82.0,81.17616960735637
122.0,74.3947789228713
152.1,140.0793283028095
151.2,141.20690471395255
73.8,87.12892899198816
89.0,88.96893205347992
135.0,106.9356358195569
105.0,93.48197623606778
108.68,109.67067511002901
139.5,120.22223813765967
95.0,104.47189315489916
107.1,105.91747412465268
66.0,60.23646193736112
135.9,131.42039034778068
197.0,166.91569217363835
85.85,79.99895695150954
68.47,86.61948325379502
63.33,63.76298608314551
135.0,126.51072118843577
63.75,102.97705817578115
102.0,78.06583922421352
88.55,51.11399994586708
85.0,85.27680952084651
89.0,93.16640635082881
118.8,127.71887160478363
81.0,88.18079247841739
162.0,161.90770141167673
99.6,106.4785405428186
99.9,102.68119929439807
80.0,80.9252563994817
86.8,93.47391482808317
186.67,145.23773738106857
139.5,99.1151896240678
75.0,84.27209404321636
80.3,72.20057573210826
100.0,98.87045522554386
88.4,89.16145305924633
65.0,63.7985186094534
170.61,181.66257136870792
71.0,82.7508084298245
60.0,59.9475446862242
107.1,98.91579663189276
65.0,115.70516210016888
121.5,116.80458203022451
99.3,97.02899228354894
120.06,112.00239768088319
156.6,160.71771722808302
161.1,162.2728481494113
80.0,82.33931104018504
221.0,235.23612063468482
95.0,96.5212807262695
72.25,84.7895435719989
120.0,120.8818339816601
95.0,96.5212807262695
109.35,110.84684147848213
111.6,108.77362807476025
63.58,91.77943181436454
115.0,114.8945899858475
120.0,115.78841022580676
119.7,106.82589402241483
94.5,92.07397229436279
65.0,70.70188836672986
88.4,90.84292031725693
102.0,78.28411747474556
99.9,98.27634379382931
134.31,90.10157594736143
0.0,55.0609725434945
97.4,89.73331873905087
48.6,46.196826399005005
125.1,77.43073456195066
76.81,92.96287139320995
85.0,108.92485112608207
120.6,107.55318995167569
75.0,89.90271256111419
131.4,95.25480842322986
101.0,101.45134380613375
75.0,92.17636182023145
70.0,73.28202638921816
105.3,94.09391466562542
179.0,129.3371342904392
157.14,125.0809465233797
95.2,87.7537953268757
161.5,133.87288889778006
95.25,86.99588561266238
121.5,126.04080588285711
174.0,173.02466355179456
140.0,138.9665158599651
67.0,64.94357397815104
81.0,78.68719154189951
101.0,82.5020408233476
159.3,144.58914473104417
138.38,110.44807695479585
151.2,138.98825352579922
0.0,19.19881481095753
139.9,136.27665544641434
74.8,73.9238620196743
213.1,137.35751336528534
101.0,98.94092065224885
108.9,102.86158821260663
98.2,79.08421571778648
109.0,108.91392448901257
82.4,79.85475839233699
67.5,76.91795861240482
77.25,94.50499978265972
100.0,102.10448894638793
12.0,73.31674590219548
100.0,99.58808286025257
95.0,94.42224136941262
155.81,132.24793089056885
127.8,98.00599482288426
75.0,71.97070884439108
140.0,126.30461313934975
161.67,133.92010621005306
80.0,85.84662918582517
119.85,130.48954251663866
121.5,130.78402860833427
85.67,79.11859847197876
166.0,143.82503845721644
221.0,217.98986602899998
58.0,57.53009579386034
79.0,63.587681408038954
106.0,101.53655524671618
130.0,129.17387660883767
90.0,92.31810788455995
114.75,112.35686354248534
115.0,114.96691993421933
80.0,83.37176792029118
122.0,117.26781515198215
80.3,75.06754849022778
189.9,188.10224572037208
138.0,86.51470149399451
81.82,82.30152138404995
134.55,114.25459886460308
75.0,76.10670252202631
83.9,83.69814874119368
109.0,104.34467192650543
65.0,64.48026708549719
90.95,92.12019268066379
0.0,107.04069344763627
60.0,59.65804702925226
171.0,110.1609334235549
67.0,98.25941832791537
156.0,152.48881367170202
40.0,83.37176792029118
114.3,130.25567165909348
91.63,109.14691330338002
105.3,102.03892754855481
0.0,58.491222377157904
171.0,139.46839846705947
0.0,110.1129011335718
90.0,82.06985234231017
89.0,100.54457073031558
203.73,126.43165891837617
190.8,147.98594279200304
129.0,84.50005267092337
63.58,88.76925904188633
93.0,87.04193533606514
120.0,110.74968114875982
90.0,89.90436132041135
81.0,88.26077781372162
90.0,118.50419339621877
103.5,107.74049850893583
105.0,105.47738734667543
127.05,169.5344502512612
71.4,94.14104399319453
98.0,94.10980244988106
108.0,110.87107667821614
90.0,91.65767543557654
75.8,69.88261394952522
140.0,126.30461313934975
95.0,94.56100119449137
160.0,158.39892514354352
90.95,92.82087418263146
86.4,104.22542323396311
136.43,125.32027858313911
80.0,79.43519957715611
78.26,83.88246464586278
90.0,90.99078354436546
102.9,97.72325053637162
109.0,107.84498067008862
77.1,89.75774187268406
106.2,80.454058835444
105.9,102.90903409874821
124.04,125.43601712373173
141.18,126.72776591001382
9.0,110.92182779462713
87.3,75.32488220640333
133.0,115.5820923817337
120.0,119.71068559579955
73.95,73.93329026169906
136.0,108.56754391101312
90.95,89.90063036175256
115.5,106.8422055046729
94.5,92.6226406922011
96.3,83.74331070044047
95.0,132.01694222768594
72.75,89.78454425569196
80.75,91.2085823970161
104.55,112.50492239636291
88.0,77.50587284033296
134.37,129.53564616953614
75.95,66.03541707126908
58.0,61.711664472495904
94.5,104.26292144741898
71.0,65.03603646883641
59.5,92.88375046960428
90.0,89.53520258268108
109.8,99.07256446338242
95.0,96.5212807262695
151.0,140.95499624831422
116.67,116.37298711154419
0.0,116.1075060702233
91.0,76.92793455343676
75.0,75.69048451137661
94.95,105.07311159585055
145.4,141.5965340670882
99.45,96.28746290887871
123.0,116.36974903234903
63.0,63.818198679608244
140.4,123.5280627857667
108.57,110.1662127007874
73.67,78.1661860721147
110.0,107.409770411609
64.0,67.97474524116369
80.75,118.12505743435813
75.0,75.69048451137661
85.5,96.9358294664112
110.08,98.30147269125206
65.0,62.08202951290369
88.4,72.80985573783981
109.0,123.18359760197518
88.76,92.84526405611192
139.5,145.96652690721265
151.0,151.7903444976467
64.0,69.26930359920362
99.33,118.73468153257596
108.0,106.47617799743347
233.1,197.9091737059614
125.1,129.7195849654792
80.75,108.17325039885061
88.0,73.36603807778528
159.3,132.73344462604103
120.0,119.71068559579955
100.0,76.75289627179399
61.16,66.46152284183624
122.04,131.22025356331116
75.0,71.75729208134135
186.0,187.0181706213337
96.3,95.26235405693006
109.0,104.34467192650543
75.0,70.01254342281915
85.0,92.69296845591103
94.0,116.42815873619861
143.1,153.14055775419445
130.9,124.97639139298253
95.0,90.38772185086619
99.9,95.12037226272582
75.0,92.45032215700247
72.25,102.46241459543052
115.8,98.25083120647028
108.0,121.90909511973807
126.0,104.20475146779513
110.0,117.24716024080243
95.0,112.491330506791
85.17,84.64351627729819
85.67,82.55693545940584
105.0,107.35553835125194
110.0,108.86204299032819
96.3,92.45976254357865
90.0,91.22978029583918
100.0,98.55844519035311
72.75,99.11830761330936
90.95,88.03897245184149
151.2,136.71793966874705
106.0,78.58385106443558
63.75,76.97606249114878
161.1,160.3769832745799
67.0,68.11811568748367
61.0,61.28757888157563
110.0,110.46118124782004
130.0,113.94758751108066
103.95,95.0820572962347
80.27,76.8315882111821
158.4,152.25732432640075
86.36,106.48138747151644
98.1,111.44253580028862
89.0,94.8185699349293
75.0,120.5444484754211
95.0,90.80066606841562
76.08,80.52846386209491
108.0,89.58402397401667
90.0,89.62984639536576
78.0,83.70670734281265
132.88,115.52573713423423
107.0,64.3857476924029
115.6,106.19674462280962
107.1,115.76377082465619
55.0,73.90027138316664
95.0,95.28973561157957
112.2,108.7783492116714
71.65,90.02744892579031
140.4,115.878430518506
161.67,133.92010621005306
144.0,117.14475428868208
98.0,87.10632887462549
120.0,135.37932822515336
67.5,71.71867808696913
89.0,86.74269464796858
73.95,80.4679693996574
141.0,112.51430279642194
83.0,78.5374144889409
58.0,75.73924324655007
89.25,75.10488212691952
110.75,92.94819371860075
95.48,119.84768575011094
110.0,108.8896131718955
78.6,92.88717160912695
187.85,177.11180358871053
106.25,100.30770787031723
105.0,104.9210428242921
72.0,74.21295711084913
63.75,78.01977058825794
99.45,97.27423460556682
100.0,93.25916280114019
101.33,102.76890546040515
133.0,121.7785833060255
95.0,108.07538878268797
75.0,74.90471909665388
72.25,101.04495200348342
67.0,58.8495343897696
105.0,120.39328984021463
83.16,99.69022774066204
105.0,90.15087443604938
129.6,126.78584045830186
123.5,106.56735450886457
118.1,87.24978796466085
89.14,88.53036901286589
90.0,97.29640011243121
89.46,79.96699691389857
127.97,112.13921219012093
0.0,81.02063277972378
130.0,127.76153867575019
150.0,111.48874476538015
48.0,73.81215605274983
150.3,173.20314390582575
135.0,91.79368097262636
81.0,89.84206035947656
96.3,98.7091921955828
90.95,92.24863165969978
85.0,97.29913896293532
70.0,84.1323995783629
66.71,93.94505299072698
77.0,81.9672631049003
101.0,87.65268875192017
155.0,149.9091044317388
72.25,76.82247548085871
85.0,84.51037668101667
90.0,89.61148738792566
108.9,103.07625665476277
129.0,130.76401902746673
94.5,100.00451390045205
149.0,117.76814008716573
184.0,136.89133015282903
76.5,83.93733142649506
85.0,112.7372781163338
105.0,104.81278849404495
101.0,99.72265130676192
79.92,81.21184312415387
113.4,108.94570955037256
79.75,76.01019533066642
112.33,104.25166293653847
205.5,184.97388522045395
105.0,114.611848063712
77.35,71.42179233587319
90.9,93.50968868080847
65.0,57.36239483326037
143.33,132.1976673314896
104.61,119.05091906082653
115.0,135.40506927961815
108.0,106.47617799743347
216.9,229.30906461113983
97.02,116.72714832492733
140.4,117.668353200616
75.0,73.70499449053806
90.0,106.70274318621
149.0,135.3785846156799
92.65,112.58817897547911
120.6,117.16657310494404
90.0,90.99078354436546
143.55,132.44473217578394
174.0,190.99242972470057
121.8,99.7028761423863
75.0,77.54132065949284
65.0,53.7176968765247
70.03,82.490922292383
61.0,65.14173135088494
89.2,86.28982134062608
106.08,110.42586260871613
65.0,79.31296578147126
75.0,91.96641466349453
40.0,34.870496071381766
163.0,145.3580775181233
125.1,113.74559915155629
105.3,103.75908247485924
109.0,98.15109373511469
112.59,133.3652812115799
65.0,68.81318231419698
94.5,107.5884981898039
38.67,83.14483096604097
119.85,130.67743642681603
116.1,117.7570875738287
105.0,108.39660235263185
65.0,91.3600756880007
131.4,95.90496828405372
76.5,90.28489988446611
95.2,87.7537953268757
110.4,170.72288031844164
81.0,109.02309208517542
105.0,104.81278849404495
80.0,85.23820480195046
72.25,70.3510393569662
90.0,93.00887804196236
105.0,108.39660235263185
70.0,70.91881519756343
84.33,77.09351649940076
107.0,137.74575665477715
135.0,139.14144515841753
60.0,60.151263754559416
118.5,89.04084708664503
149.0,143.25634345996428
76.5,69.37429179356766
67.5,90.46196091404168
169.0,171.3266770069544
95.0,134.0594202415962
143.44,127.2910159192725
108.0,110.87107667821614
96.0,68.35129008101414
87.3,76.97756044421766
130.0,128.65519669581727
66.53,92.60889841614117
105.0,104.81278849404495
86.5,81.63670587909867
95.0,136.73325589292375
94.5,88.21067387585386
109.0,117.69314243867225
65.0,65.00710457899373
134.1,136.1286083982968
126.3,105.54936961179585
125.1,122.69839301259596
86.6,103.17452583197745
90.09,118.09364218968486
85.5,100.78297555487198
84.15,94.93659412922962
88.77,94.04712239674079
105.3,98.73241172808517
120.0,119.94227494973028
76.14,75.39279560760882
0.0,42.87951410096016
81.88,81.49798073393757
107.1,105.91747412465268
89.0,82.62355252949355
71.22,82.33417612838954
84.0,89.73951049748565
200.33,137.43582928585275
93.8,84.93778824793394
89.14,88.53036901286589
65.0,60.21569610434281
76.0,74.87711130900252
80.0,85.84662918582517
96.0,100.01213125315813
85.0,84.51037668101667
161.15,133.6356737688043
110.0,110.29204902629637
115.0,114.16344308764174
149.4,139.0459829631713
103.5,106.56408430000198
88.4,70.29715074090369
85.0,114.0399018817031
120.7,94.40785767727205
69.0,71.5479822001761
75.0,76.10670252202631
60.0,66.9669039045738
105.61,97.94227386514663
38.0,72.93001650126732
79.2,86.69589393674221
110.0,110.46118124782004
70.0,67.703492503251
120.0,126.27875906240837
216.9,224.99869551613745
100.0,99.84215656132484
105.3,99.97110837794723
91.0,88.24884910849633
60.0,69.91001961689642
55.24,64.45876319113982
94.81,121.25241860012619
72.25,85.3276280238705
136.67,113.123540429179
89.0,89.22611991115124
126.0,113.40543495596393
128.01,145.47681981894934
115.0,114.45028726238519
72.25,104.77228967558761
101.52,109.46194575623804
119.85,114.15503723739057
101.5,101.41096915448222
90.0,95.53884112407971
96.3,95.48917091557699
95.0,93.63957108151791
96.3,100.41371363393685
90.0,89.53406407441229
109.0,119.88857211617315
85.0,80.06438757637262
99.0,111.51901588677802
146.7,130.41085512766355
75.0,81.1904122615421
0.0,10.59163549310692
121.0,124.65106241862522
67.5,78.23666942581187
100.0,99.13652251359252
65.0,78.86551911678941
95.0,94.42224136941262
129.0,88.46438825837751
89.25,91.07299857058995
82.45,75.16566814601578
72.76,96.44753414028473
166.0,129.16811225886002
130.0,128.26773488259272
75.0,87.00289653783031
88.01,114.25496936274838
148.95,151.87469985045607
76.8,91.20248164611098
85.93,101.59585347730719
94.5,101.58910485965396
74.0,111.55503233912327
144.9,94.62972570270934
119.07,105.6354785283286
170.33,173.95067368124728
110.0,108.86204299032819
90.95,86.01044434027213
131.4,115.1522932400055
138.0,125.9631372603467
113.33,137.78237192024676
145.8,74.33184229836971
0.0,50.304930400425505
81.0,93.36724963831195
98.1,139.66102903003414
107.1,95.35272717067787
65.0,63.7985186094534
67.0,101.0905629732583
90.9,91.40740374089246
60.0,64.22947633883447
75.0,77.5653315748828
91.0,84.5675697157466
93.15,98.76905532414925
67.0,51.137624134900285
105.3,94.90966438266052
64.68,85.35254204771924
100.0,90.49782109696275
123.11,150.19531094625862
101.38,96.52484192940328
0.0,41.7379399940969
75.0,86.50203884277325
68.26,79.39136608196026
95.0,95.28973561157957
148.13,111.7136746757657
90.9,90.24720897004835
158.0,162.75574892843827
101.5,101.41096915448222
111.0,126.90624461978184
103.7,94.57870244145785
120.0,119.94227494973028
96.0,73.28220861110925
85.5,95.10783482350234
70.0,74.8602755202015
115.0,114.45028726238519
112.0,99.49595987895204
97.2,119.89633732009716
81.0,78.68719154189951
70.0,72.84074541161282
95.2,91.99285787309645
75.0,85.1226242505449
65.0,66.35379514747467
23.0,70.57130228579285
60.0,59.24904911457228
73.95,73.9811013332255
110.0,110.46118124782004
89.0,90.93138645895633
85.0,77.61444631556822
132.6,117.75611813223298
90.0,72.80956284851524
140.4,143.15236559852403
135.0,123.7158111020195
58.5,111.58246492577254
95.0,145.1612321935115
76.5,77.43765299634987
78.3,56.27859991802579
120.0,106.33876676238954
104.77,102.30003943223458
124.53,98.11984052762112
85.0,146.29232439175945
109.73,118.76203287803732
75.0,88.77174945114541
90.95,83.72266996798223
84.43,93.36871536771432
75.0,87.2894304781728
79.2,91.52292590649114
109.0,104.34467192650543
90.0,91.14139115875963
79.2,80.27996169786206
85.5,94.73426199495438
65.0,118.47790579319727
108.0,107.02994846281676
93.6,93.8969850521474
157.67,88.02756605719159
81.0,83.63175281537934
135.0,90.9788455962825
70.0,76.57105200432785
108.34,122.87145258118096
118.15,116.60849431629039
90.0,90.7960932999469
86.7,73.93329026169906
95.0,93.56328768279855
116.0,103.03263787172257
177.3,156.4946498536464
185.85,154.25582329143552
102.8,114.328414297025
65.0,75.91896676996464
95.88,103.96142340427758
99.0,104.62645932478428
60.0,86.63627880897985
78.0,74.12066773017986
65.0,54.01222484111916
108.0,112.1558205167986
172.0,169.03472346292364
85.0,81.91316146367524
124.25,119.12609749365534
128.7,116.34052016891678
60.0,90.37607132956697
95.0,93.56328768279855
82.87,68.65802435072001
135.0,143.3497999283453
75.76,79.5902703456108
118.8,121.84566788716089
85.85,86.44627882086014
169.88,178.87537646916314
136.0,92.04524208353826
90.0,90.3363090948026
75.6,70.88604908215359
96.23,115.88244498567005
135.9,113.29051368715555
100.0,99.35207807770583
79.2,80.35270246961815
129.0,111.84134849614405
94.5,110.31100889102471
82.08,82.86876396498803
141.68,118.34885980868845
109.0,95.12625070986445
94.5,98.67290242707178
114.3,111.88468400757999
143.23,138.83167624959142
116.4,120.35984119855249
82.45,67.39531153176375
159.3,145.0898939156305
86.0,74.59032258285484
72.25,89.50889366968177
112.2,106.98849249342399
119.0,124.39235725193618
65.0,84.37240216321551
115.0,111.78546306834517
139.0,89.06000289500008
91.12,135.2589712953952
118.8,103.9833007160956
129.65,111.08077506111078
0.0,22.67255734727027
97.0,75.81718911372027
109.0,104.34467192650543
0.0,184.27967209929045
155.73,152.70800623771498
115.0,111.78546306834517
177.3,180.02083504972725
104.4,109.183755080601
85.0,85.43776470922545
80.0,85.84662918582517
121.5,134.508396412883
79.2,76.29838540738179
69.0,71.25520548700312
114.3,111.75314923125421
224.67,219.5630243059963
140.0,143.89936454962358
89.25,101.07912843449827
104.4,100.31538617004247
115.0,114.92233423806834
86.36,102.24589510006751
75.0,104.36510415055918
87.0,71.80547399093454
80.0,85.0731360005543
211.5,205.4965547299413
118.0,88.20354295412163
89.0,101.9064241697157
88.4,88.56729964421672
97.0,94.61893620113375
138.0,125.23982027090057
115.0,114.16344308764174
89.0,95.87984679852484
88.2,99.36777340813136
120.0,119.92373897421919
68.5,81.38495138529434
109.0,108.91392448901257
95.46,120.67647344601218
89.0,107.2003254133854
140.4,115.4558629773418
75.54,84.81488609150568
133.6,146.7209026979629
177.65,177.94223027237223
105.0,104.81278849404495
129.0,106.50345002351501
72.25,72.41638641699335
104.0,128.03656389558256
133.45,102.42031987568765
124.0,97.51571035196793
90.0,88.66750995319993
100.8,104.08454464607532
173.35,170.67375552626902
118.0,100.66251852003683
67.5,76.27980240819726
89.3,86.89100852818495
75.0,77.5653315748828
65.0,83.75474677037607
130.0,128.29092619617526
137.7,129.92221508746425
198.9,208.18123051167348
176.4,157.14874266305145
90.0,91.65767543557654
99.88,99.80626131464957
122.4,114.37977883070411
87.0,70.67280263792618
72.25,102.4827578097836
80.0,79.5778334436902
100.0,99.82252358249755
123.3,116.46687878062346
104.0,95.26913914520455
100.0,104.86326051105218
105.3,102.26373386433092
116.75,86.98008661555083
108.0,106.15025802226931
75.0,68.52197418364534
90.0,80.16039081286897
70.0,79.30981772932388
137.0,144.75982014664436
90.95,100.8406653521876
121.5,120.7137275493627
94.5,107.39436267575688
92.7,99.72394186359023
40.0,94.24700713855444
76.0,78.08195564639027
161.67,133.92010621005306
151.2,125.84699755652417
105.0,108.39660235263185
90.0,91.22978029583918
126.0,98.36888749923892
147.9,152.6350411858963
99.9,98.72985492308395
75.0,80.70727425947521
89.0,88.96893205347992
78.2,88.7002902499715
131.4,147.91611055009326
121.5,116.80458203022451
109.0,120.11999958038301
114.75,124.47039972156216
51.3,63.62962364620071
117.18,104.78683341074034
95.0,101.30714930825432
131.0,125.31328890340961
88.51,117.49216856913868
81.77,82.31918514647299
60.0,59.9475446862242
137.67,121.80104590760169
99.45,101.63399828344366
80.0,83.69841022148613
69.53,94.94256417184309
115.0,114.96691993421933
93.67,194.61577247686142
97.0,79.85264297728499
108.0,100.7334581437138
70.0,75.05116109631113
95.0,97.73415781422528
116.0,116.33307244474915
65.0,58.562905022292746
83.61,108.74427595019634
96.3,94.28976153910905
80.75,94.35814600649357
89.25,95.36386860842174
105.0,101.3242878817915
78.3,70.63446553841295
120.7,103.10702675029209
153.0,148.79312365173655
70.0,72.84074541161282
109.65,97.14650448994556
120.0,119.71068559579955
105.4,139.2623249928463
102.0,82.29217597699548
102.85,99.6133028699679
103.0,108.37121376569863
94.5,88.35892301719953
89.0,100.19926154231234
95.79,102.81757072552158
75.0,74.90471909665388
110.75,94.95706513436954
65.0,53.7176968765247
108.9,128.88349336236638
540.0,97.33361513800263
79.0,78.52721059952019
150.3,141.21041699796714
80.46,109.83307601509485
126.3,105.54936961179585
119.1,91.68480112792754
127.67,146.53656879035302
141.0,127.66068829865242
0.0,105.3921158343896
78.2,67.23654257466617
149.0,131.74515888685158
132.3,101.29391657384907
60.0,82.47632310697892
95.0,107.7288244102957
115.0,114.78988943790822
162.45,91.50357938612463
115.0,115.17554695294672
101.5,101.41096915448222
81.0,81.22502724673762
85.0,115.18114114860366
68.85,76.38036384321124
80.75,92.2112742601932
97.63,101.58231069924601
89.25,85.45698652448336
116.0,98.5909973523644
119.85,111.83641055391993
119.0,108.14601633489107
120.0,119.92373897421919
159.3,159.7690002285122
65.0,78.85008743526954
76.5,80.99335680919074
68.07,81.88592234906557
80.75,119.06283204141477
65.0,64.70791799735045
89.75,101.88731755475112
63.75,76.75127984777137
86.0,82.70869241742133
87.0,80.34486719014708
96.98,88.9197182113781
85.0,111.63173355683163
85.5,91.73560118547107
150.67,136.93292548168722
60.0,48.50443750457308
127.8,92.57687394491185
158.5,152.05623842803993
101.0,84.29511916364936
100.3,102.0248438211421
80.75,85.31687189603926
130.0,127.96032094803829
114.3,115.46818149221224
116.5,109.99889064553534
55.09,62.746112629221365
68.0,80.09884967994881
79.0,77.32270415278093
130.0,129.17387660883767
88.4,76.84569414030382
110.0,110.29204902629637
150.3,145.81691575523433
111.35,121.8227927015812
113.62,107.79804387785728
110.0,97.59316215252477
138.0,109.49247681633409
144.0,138.35052706645786
85.0,69.66914727192523
72.42,100.42804150290263
118.0,91.3030941168353
70.0,68.52891857744538
186.3,183.09589824779016
90.95,92.17086565679584
94.5,94.00039251440131
110.0,114.22686712501788
67.0,54.470972102050396
106.2,105.0296576256467
97.02,99.87545820486213
115.0,112.44415540208169
0.0,6.3344651425315135
85.5,115.44894341569378
65.83,87.89522384631005
60.0,59.9475446862242
71.0,75.36951318798525
75.0,74.90471909665388
96.3,101.6262200032959
103.84,118.30052157503582
71.4,119.0536423620399
73.0,72.9534252266467
105.3,98.61272246732061
90.0,97.40293307517517
90.0,95.01267480682594
90.9,99.56517402224823
120.0,119.3881009007107
112.42,122.65907668629355
83.83,93.01380789554534
75.0,74.90471909665388
90.95,111.71144702269395
109.33,81.62496961599099
116.1,122.11580595402589
65.0,103.45175501156909
88.0,78.93691626726779
127.5,118.40756799564802
105.0,90.55534545772835
100.6,87.59594807200052
119.0,100.78266704924648
176.0,133.15572393397971
82.72,79.22589183964622
75.0,78.00753836425906
80.5,81.82869464141854
118.0,112.41497366855539
128.0,68.13516171059206
93.0,75.46181210058771
131.0,104.40149793530172
90.95,119.49421181823533
60.29,68.532424452551
113.0,84.92526629887298
85.0,31.7749827339768
106.4,104.2584840413418
132.08,137.54676973556033
168.3,163.46282458998232
216.45,173.41399453854382
126.9,114.18629593184946
52.0,51.361936401226494
130.0,105.99554311755828
86.5,72.61663566200048
55.0,70.26201749604927
111.6,114.01777991576452
124.65,113.27017686111111
110.0,107.06845158373415
89.25,90.48477532841751
110.0,107.03296788137777
86.0,77.91233690521227
72.25,69.75181435279885
115.04,123.40163520233146
100.0,99.82252358249755
100.81,108.85751716019634
65.0,58.80638602198665
94.5,92.14516596382104
84.0,100.57687366409954
108.0,107.02994846281676
68.0,68.6186768093553
0.0,53.984771348407584
100.0,101.98030240784277
76.47,152.45722487322357
72.25,100.91151214794996
88.4,102.09682459029003
101.7,110.34406807339796
100.0,99.13652251359252
90.9,96.57645785698824
110.0,110.50353125572697
150.45,141.95246020733094
60.0,71.79012609724117
58.0,62.2117879888009
109.0,104.29437347766888
115.0,114.16344308764174
65.0,58.390966549510715
137.7,131.51749050538606
120.0,119.71068559579955
65.0,85.21933056553263
115.0,104.62181728102736
120.0,115.04980827401356
120.0,121.48920858305752
105.3,101.37813575837625
116.1,110.45195810420101
55.59,65.20939275714396
95.0,97.73415781422528
0.0,120.69156021353993
65.0,66.35379514747467
65.0,84.8590113297658
94.0,110.14247650845529
75.0,107.29279614586021
97.2,104.86374088738468
58.65,95.10171835836746
160.33,163.41777565006345
70.0,114.01360742734806
162.5,115.87583726408607
100.0,99.49872502504607
135.9,123.17229290583265
77.2,95.97066714531067
82.88,92.98843440871711
90.0,91.38265681359472
104.49,120.5538441488574
89.0,88.96893205347992
100.0,99.84215656132484
159.3,161.29796760905623
93.6,82.71220369298575
94.8,84.65512865182232
117.98,114.08545780449761
110.0,102.19162612925231
89.25,83.4478824639622
67.5,70.49042522355293
105.5,77.60081777514792
86.5,97.03496843441997
109.0,104.29437347766888
110.0,111.332574431865
96.3,111.17409372672277
78.54,93.5052047738914
120.0,120.01281708083722
78.3,71.27034831688482
103.5,105.21339884137309
91.0,103.40080469757658
78.54,93.5052047738914
67.0,66.68329807590322
101.33,102.76890546040515
116.1,111.944201206961
71.87,75.76354861033275
71.55,65.30390233336747
66.0,70.6237819156772
72.25,101.23147665390708
46.67,65.8862453299389
96.8,121.13206724724894
88.0,104.61109770333823
85.33,83.26195990602149
74.54,103.03687774869854
189.55,104.15092925264553
0.0,22.928503308767773
52.0,53.15059630639831
100.0,83.26973646926257
61.0,61.28757888157563
130.0,128.29092619617526
96.3,98.7091921955828
73.0,85.79533602541451
98.57,100.81620230906023
65.0,64.50780101285972
88.0,93.63817714051252
65.0,65.00710457899373
105.0,104.92859931120577
65.0,60.33271992679546
131.4,107.66480624294485
99.0,112.88546672512958
73.0,72.9534252266467
100.0,99.58808286025257
89.0,89.22611991115124
110.0,107.409770411609
85.0,75.12472312402997
99.3,99.96368330079484
72.76,98.45239997862619
0.0,89.15736852176863
65.0,65.47070388592275
130.13,126.13903998499586
132.3,111.24400112855366
68.0,134.41498356090443
129.0,111.74287337245252
137.34,130.00624480084556
129.0,97.54920300194055
100.0,83.26973646926257
52.0,54.31593241392237
95.0,98.42583598820599
120.0,110.74968114875982
71.1,76.17478287952443
80.0,80.9252563994817
146.0,137.89079759072507
70.0,74.1681776183787
113.6,116.87548318152568
118.8,119.65147503310283
63.58,102.10207394313309
62.37,66.54140490937868
100.0,99.58808286025257
78.3,80.86385997498529
106.2,136.45141367887635
107.1,132.7749792217922
61.0,61.28757888157563
217.6,203.1259679158983
79.2,96.8180380156183
80.24,85.44164406739465
43.43,54.4362192770401
80.0,73.31674590219548
103.69,95.18297403989425
63.06,89.08520119942845
187.85,208.04640887173852
154.4,145.53131669129283
96.9,128.4735119105595
100.0,99.00756318361182
0.0,56.05451032157115
96.94,75.77295155724767
152.1,165.09705697212928
115.0,114.78988943790822
174.0,130.590597700057
80.0,91.40657693020457
115.0,112.44415540208169
95.0,96.02792175864036
102.58,87.86567325297536
164.25,129.1479649511375
0.0,127.49436176635841
74.8,74.71442544686106
120.0,101.99901627060247
118.8,130.1374550290365
86.0,82.61673243278038
98.1,85.77473628202448
149.0,147.57769687852524
84.96,155.05998377652134
111.0,100.29206791708776
88.0,94.45453654972121
78.17,76.2692818370183
166.25,160.12911012108873
135.0,133.18927711895444
115.0,123.93862575018973
82.61,121.08379576788478
100.3,100.15846847881788
70.0,70.090797945584
126.9,114.18629593184946
87.0,76.08663645585546
71.21,75.02402831654253
154.0,114.05162602944641
75.0,78.79246642865733
77.0,101.5164664159348
120.0,114.94537423024376
138.05,131.84017710370546
90.95,77.5111550588847
95.0,95.28973561157957
126.9,112.71634174620678
75.0,78.89086456428792
105.3,92.89826605059903
119.0,120.34204355437001
134.1,115.64397183520626
95.0,90.55181799920234
125.1,121.8709193055061
97.79,137.53550665056008
96.0,96.15480151261265
65.49,92.0258814551041
72.0,80.18669255382918
74.8,78.69843270416182
96.9,128.0499341598043
109.0,104.34467192650543
163.33,159.53030524442883
109.0,104.29437347766888
110.0,110.29204902629637
97.0,119.71901050729929
99.0,102.23060291742908
90.95,86.97623758019176
131.75,118.32832947153612
129.0,106.3227927920352
125.8,110.01981109789855
135.0,96.59583262811064
72.25,83.38725627336702
184.26,166.92096736247663
75.0,94.41729062386877
109.65,96.92336365412714
109.0,104.34467192650543
105.3,108.7233171993098
99.0,105.25218732175968
120.0,110.74968114875982
103.61,107.39777133915362
65.0,81.08204507577275
73.64,67.11625481213508
111.0,96.09949457242887
101.5,104.34467192650543
151.0,133.22085320206398
89.0,81.13326227125046
90.67,93.35584461220277
89.25,83.74397883420723
69.53,72.65176338660783
65.0,63.39225543203557
116.0,109.05560787193056
118.8,105.87162427466993
98.64,121.87254478754437
99.45,93.37951633714296
186.3,200.04057327551754
85.0,100.73149515278308
168.3,152.50147261214974
60.83,97.10377864991425
155.7,141.80546622709403
87.3,85.91306698598822
112.59,119.19778154237216
65.0,71.75908598341606
80.75,107.95116666544611
130.5,126.69107330116195
96.9,107.98636071293365
78.3,72.77490390527306
80.0,79.97683217012663
115.0,111.78546306834517
90.0,95.53884112407971
127.0,121.3314776277153
98.6,76.15089494979787
0.0,21.964540558964032
89.0,88.96893205347992
117.3,105.75328715566468
93.08,100.63113803273035
78.3,75.7848681953618
140.4,132.02376019566339
71.4,87.24140155111418
124.4,109.61648819698267
42.0,52.658078030453915
183.6,148.19354041404546
79.5,85.98847192218373
125.0,100.32724755897836
36.25,72.19446486726144
96.3,86.72294822603598
68.0,72.89935567335978
90.6,105.51536244664082
128.7,137.06227707729488
110.0,107.70628184976454
67.66,69.52960524924633
123.3,122.68769455780756
101.5,104.29437347766888
83.16,105.71799135407186
108.42,106.22515005411532
117.0,108.10119663848779
92.0,74.91745457233206
54.75,91.83969544280937
134.3,130.85366343409532
65.0,111.55503233912327
76.5,71.63924297054754
90.0,90.3363090948026
139.0,126.31091680769804
117.0,117.75882377052754
125.0,93.68121844267999
145.0,132.6836147729455
109.0,104.38777194358128
108.0,103.61489628012319
65.0,84.12848997941565
100.0,99.58808286025257
130.0,128.29092619617526
86.4,83.68248518024446
65.83,124.52690784586548
81.0,79.35637324270095
87.9,87.00100351490728
117.04,138.90347683000576
108.0,131.62766670128906
110.0,114.0844355217364
145.61,115.10465427814626
80.75,89.4156197656069
57.92,122.74881163514229
88.5,93.24593258589945
108.45,113.38299451853007
105.0,102.31187395208968
79.0,70.4358603777508
117.67,111.49553798967231
85.0,133.77280961783308
120.0,106.61911114163796
110.0,96.32878635630458
95.0,97.45463165773509
150.3,150.71711732277785
139.5,124.74024011773784
77.0,77.30040954695778
115.0,115.20376504262495
75.0,81.2141460896515
142.45,133.583607522065
207.9,212.58543890958873
79.0,80.67339111715803
128.0,125.71298338145347
65.0,73.98717277647401
115.0,114.96691993421933
115.6,124.93281801402475
126.9,108.76831858422004
160.2,157.64355159160317
131.4,109.60870840009662
100.0,102.10448894638793
168.3,157.57535289942004
127.0,105.99234710531233
71.1,75.17849284637482
99.45,98.01453889403645
102.68,150.2370360477829
100.0,99.62706107399343
90.9,91.22262352016469
90.95,101.13754444154497
140.0,130.2139686329257
85.0,81.19774173319374
103.18,120.90741790325708
